Player,Nation,Pos,Squad,Age,MP,Starts,Min,90s,Gls,Ast,G+A,G-PK,PK,PKatt,CrdY,CrdR,xG,npxG,xAG,npxG+xAG,PrgC,PrgP,PrgR,Gls.1,Ast.1,G+A.1,G-PK.1,G+A-PK,xG.1,xAG.1,xG+xAG,npxG.1,npxG+xAG.1,Value,2CrdY,Fls,Fld,Off,Crs,Int,TklW,OG,Sh,SoT,SoT%,Sh/90,SoT/90,G/Sh,G/SoT
Junior Adamu,AUT,FW,Freiburg,23,25,19,1545,17.2,2,2,4,2,0,0,5,1,5.5,5.5,2.4,7.9,8,14,84,0.12,0.12,0.23,0.12,0.23,0.32,0.14,0.46,0.32,0.46,5.0,0,37,22,17,5,11,3,0,37,12,32.4,2.16,0.7,0.05,0.17
Karim Adeyemi,GER,"FW,MF",Dortmund,22,25,17,1433,15.9,7,6,13,7,0,0,4,0,5.5,5.5,6.0,11.5,68,28,153,0.44,0.38,0.82,0.44,0.82,0.34,0.38,0.72,0.34,0.72,45.0,0,27,18,4,27,8,13,0,46,18,39.1,2.89,1.13,0.15,0.39
Amine Adli,MAR,"MF,FW",Leverkusen,24,20,6,766,8.5,2,0,2,2,0,0,3,0,2.7,2.7,0.7,3.4,37,24,100,0.23,0.0,0.23,0.23,0.23,0.32,0.08,0.4,0.32,0.4,18.0,0,15,9,7,33,1,9,0,20,7,35.0,2.35,0.82,0.1,0.29
Oladapo Afolayan,ENG,"FW,MF",St. Pauli,26,32,17,1639,18.2,3,1,4,3,0,0,3,0,3.1,3.1,3.8,7.0,53,32,108,0.16,0.05,0.22,0.16,0.22,0.17,0.21,0.38,0.17,0.38,4.0,0,21,42,9,50,8,8,0,38,13,34.2,2.09,0.71,0.08,0.23
Felix Agu,NGA,DF,Werder Bremen,24,22,21,1751,19.5,3,0,3,3,0,0,1,0,1.4,1.4,1.8,3.2,33,43,105,0.15,0.0,0.15,0.15,0.15,0.07,0.09,0.17,0.07,0.17,8.0,0,11,43,4,50,19,16,1,10,5,50.0,0.51,0.26,0.3,0.6
Erik Ahlstrand,SWE,"FW,MF",St. Pauli,22,5,0,43,0.5,0,0,0,0,0,0,0,0,0.0,0.0,0.0,0.0,1,1,3,0.0,0.0,0.0,0.0,0.0,0.0,0.0,0.0,0.0,0.0,0.5,0,0,0,1,0,1,0,0,0,0,0.0,0.0,0.0,0.0,0.0
Kevin Akpoguma,NGA,DF,Hoffenheim,29,32,23,2220,24.7,0,0,0,0,0,0,3,0,0.1,0.1,0.3,0.4,14,98,16,0.0,0.0,0.0,0.0,0.0,0.0,0.01,0.02,0.0,0.02,2.5,0,24,23,1,12,25,26,0,5,1,20.0,0.2,0.04,0.0,0.0
Andreas Albers,DEN,FW,St. Pauli,34,14,0,62,0.7,1,0,1,1,0,0,0,0,0.6,0.6,0.1,0.7,1,3,6,1.45,0.0,1.45,1.45,1.45,0.9,0.14,1.04,0.9,1.04,0.3,0,3,2,0,0,0,0,0,3,1,33.3,4.35,1.45,0.33,1.0
Ben Alexander Voll,GER,GK,St. Pauli,23,2,1,91,1.0,0,0,0,0,0,0,1,0,0.0,0.0,0.1,0.1,0,0,0,0.0,0.0,0.0,0.0,0.0,0.0,0.1,0.1,0.0,0.1,0.5,0,0,0,0,0,0,0,0,0,0,0.0,0.0,0.0,0.0,0.0
Skelly Alvero,FRA,MF,Werder Bremen,22,12,1,236,2.6,0,0,0,0,0,0,1,0,0.0,0.0,0.0,0.0,1,8,0,0.0,0.0,0.0,0.0,0.0,0.01,0.0,0.01,0.01,0.01,2.5,0,7,5,0,0,2,6,0,1,0,0.0,0.38,0.0,0.0,0.0
Aurele Amenda,SUI,DF,Eint Frankfurt,21,8,1,96,1.1,0,0,0,0,0,0,1,0,0.0,0.0,0.3,0.3,1,2,1,0.0,0.0,0.0,0.0,0.0,0.0,0.23,0.23,0.0,0.23,7.5,0,3,2,0,0,2,0,0,1,0,0.0,0.94,0.0,0.0,0.0
Nadiem Amiri,GER,MF,Mainz 05,27,30,30,2473,27.5,7,5,12,5,2,2,9,2,5.5,3.9,6.6,10.5,50,204,64,0.25,0.18,0.44,0.18,0.36,0.2,0.24,0.44,0.14,0.38,20.0,1,44,51,2,165,19,28,0,62,26,41.9,2.26,0.95,0.08,0.19
Mohamed Amoura,ALG,FW,Wolfsburg,24,31,29,2467,27.4,10,9,19,8,2,2,6,0,8.7,7.2,4.0,11.2,81,61,244,0.36,0.33,0.69,0.29,0.62,0.32,0.15,0.46,0.26,0.41,32.0,0,31,20,23,36,9,21,0,76,28,36.8,2.77,1.02,0.11,0.29
Robert Andrich,GER,"MF,DF",Leverkusen,29,23,19,1598,17.8,2,2,4,2,0,0,7,0,1.3,1.3,0.3,1.6,8,65,17,0.11,0.11,0.23,0.11,0.23,0.07,0.02,0.09,0.07,0.09,9.0,0,29,17,0,12,27,12,0,21,5,23.8,1.18,0.28,0.1,0.4
Waldemar Anton,GER,DF,Dortmund,28,26,22,1949,21.7,2,2,4,2,0,0,4,0,1.7,1.7,0.8,2.5,32,117,28,0.09,0.09,0.18,0.09,0.18,0.08,0.04,0.11,0.08,0.11,18.0,0,20,20,1,23,32,21,1,19,3,15.8,0.88,0.14,0.11,0.67
Maximilian Arnold,GER,MF,Wolfsburg,30,28,27,2356,26.2,3,5,8,3,0,0,7,1,0.9,0.9,3.5,4.3,9,128,16,0.11,0.19,0.31,0.11,0.31,0.03,0.13,0.17,0.03,0.17,5.0,0,30,52,0,153,24,21,0,27,12,44.4,1.03,0.46,0.11,0.25
Jann-Fiete Arp,GER,"FW,MF",Holstein Kiel,24,23,3,713,7.9,2,0,2,1,1,2,8,1,3.8,2.2,1.0,3.2,14,21,66,0.25,0.0,0.25,0.13,0.13,0.47,0.13,0.6,0.27,0.4,0.8,1,20,18,2,24,3,10,0,22,11,50.0,2.78,1.39,0.05,0.09
Arthur,BRA,DF,Leverkusen,21,20,7,752,8.4,0,1,1,0,0,0,1,0,0.1,0.1,0.4,0.4,15,25,53,0.0,0.12,0.12,0.0,0.12,0.01,0.04,0.05,0.01,0.05,7.0,0,20,6,0,16,9,12,0,1,0,0.0,0.12,0.0,0.0,0.0
Noah Atubolu,GER,GK,Freiburg,22,26,26,2307,25.6,0,0,0,0,0,0,2,0,0.0,0.0,0.0,0.0,0,2,0,0.0,0.0,0.0,0.0,0.0,0.0,0.0,0.0,0.0,0.0,18.0,0,0,0,0,0,0,0,0,0,0,0.0,0.0,0.0,0.0,0.0
Ayman Azhil,MAR,MF,Dortmund,23,1,0,24,0.3,0,0,0,0,0,0,1,0,0.0,0.0,0.0,0.0,0,1,1,0.0,0.0,0.0,0.0,0.0,0.0,0.0,0.0,0.0,0.0,0.7,0,2,0,1,0,0,1,0,0,0,0.0,0.0,0.0,0.0,0.0
Adam Aznou,MAR,DF,Bayern Munich,18,2,0,17,0.2,0,0,0,0,0,0,0,0,0.0,0.0,0.0,0.0,0,1,2,0.0,0.0,0.0,0.0,0.0,0.0,0.0,0.0,0.0,0.0,4.0,0,0,0,0,1,0,0,0,0,0,0.0,0.0,0.0,0.0,0.0
Aliou Badara Balde,GUI,"MF,FW",Bochum,21,5,0,91,1.0,0,0,0,0,0,0,1,0,0.2,0.2,0.2,0.4,2,1,5,0.0,0.0,0.0,0.0,0.0,0.18,0.17,0.35,0.18,0.35,0.8,0,1,0,2,4,0,1,0,4,1,25.0,3.96,0.99,0.0,0.0
Ridle Baku,GER,"DF,MF",RB Leipzig,26,34,29,2445,27.2,4,4,8,4,0,0,3,0,2.9,2.9,2.8,5.6,37,85,175,0.15,0.15,0.29,0.15,0.29,0.11,0.1,0.21,0.11,0.21,9.0,0,26,24,4,69,25,35,0,35,11,31.43,1.29,0.4,0.11,0.36
Samuel Bamba,GER,"FW,MF",Bochum,20,5,0,27,0.3,0,0,0,0,0,0,0,0,0.1,0.1,0.0,0.1,3,5,8,0.0,0.0,0.0,0.0,0.0,0.35,0.1,0.45,0.35,0.45,0.5,0,0,1,1,5,0,1,0,2,1,50.0,6.67,3.33,0.0,0.0
Noahkai Banks,USA,DF,Augsburg,17,8,2,278,3.1,0,0,0,0,0,0,2,0,0.1,0.1,0.0,0.1,2,8,3,0.0,0.0,0.0,0.0,0.0,0.02,0.0,0.02,0.02,0.02,6.0,0,2,1,0,2,5,5,1,1,0,0.0,0.32,0.0,0.0,0.0
Scott Banks,SCO,"FW,MF",St. Pauli,22,12,0,116,1.3,0,0,0,0,0,0,1,0,0.3,0.3,0.0,0.3,3,1,8,0.0,0.0,0.0,0.0,0.0,0.22,0.0,0.22,0.22,0.22,0.5,0,2,4,0,6,2,1,0,3,0,0.0,2.33,0.0,0.0,0.0
Aymen Barkok,MAR,MF,Mainz 05,26,4,0,73,0.8,0,0,0,0,0,0,0,0,0.0,0.0,0.1,0.1,2,5,6,0.0,0.0,0.0,0.0,0.0,0.0,0.17,0.17,0.0,0.17,0.5,0,2,1,0,5,2,1,0,0,0,0.0,0.0,0.0,0.0,0.0
Michy Batshuayi,BEL,FW,Eint Frankfurt,30,10,3,300,3.3,3,0,3,3,0,0,2,0,1.2,1.2,0.0,1.3,3,8,15,0.9,0.0,0.9,0.9,0.9,0.36,0.01,0.38,0.36,0.38,4.0,0,6,2,4,1,1,1,0,5,3,60.0,1.5,0.9,0.6,1.0
Maximilian Bauer,GER,DF,Augsburg,24,11,8,658,7.3,0,0,0,0,0,0,1,0,0.2,0.2,0.1,0.3,4,30,7,0.0,0.0,0.0,0.0,0.0,0.02,0.01,0.04,0.02,0.04,2.0,0,7,13,1,4,5,9,0,1,1,100.0,0.14,0.14,0.0,0.0
Oliver Baumann,GER,GK,Hoffenheim,34,28,28,2520,28.0,0,0,0,0,0,0,1,0,0.0,0.0,1.0,1.0,0,1,0,0.0,0.0,0.0,0.0,0.0,0.0,0.03,0.03,0.0,0.03,3.0,0,0,6,0,0,0,2,0,0,0,0.0,0.0,0.0,0.0,0.0
Christoph Baumgartner,AUT,MF,RB Leipzig,24,31,18,1610,17.9,2,1,3,2,0,0,5,0,4.5,4.5,1.3,5.8,37,53,95,0.11,0.06,0.17,0.11,0.17,0.25,0.07,0.33,0.25,0.33,12.0,0,44,29,4,14,12,25,0,39,15,38.5,2.18,0.84,0.05,0.13
Ihlas Bebou,TOG,MF,Hoffenheim,30,1,0,9,0.1,0,0,0,0,0,0,0,0,0.0,0.0,0.0,0.0,0,0,0,0.0,0.0,0.0,0.0,0.0,0.0,0.0,0.0,0.0,0.0,1.0,0,0,0,0,0,0,0,0,0,0,0.0,0.0,0.0,0.0,0.0
Adrian Beck,GER,"MF,FW",Heidenheim,27,32,18,1598,17.8,4,1,5,4,0,0,1,0,3.3,3.3,1.2,4.5,37,69,83,0.23,0.06,0.28,0.23,0.28,0.18,0.07,0.25,0.18,0.25,2.0,0,16,14,2,31,9,17,0,39,13,33.3,2.2,0.73,0.1,0.31
Timo Becker,GER,DF,Holstein Kiel,27,30,28,2445,27.2,0,2,2,0,0,0,2,0,1.4,1.4,0.8,2.2,28,57,38,0.0,0.07,0.07,0.0,0.07,0.05,0.03,0.08,0.05,0.08,1.5,0,9,9,0,22,17,35,0,17,4,23.5,0.63,0.15,0.0,0.0
Hannes Behrens,GER,DF,Hoffenheim,19,1,0,29,0.3,0,0,0,0,0,0,0,0,0.0,0.0,0.0,0.0,0,1,7,0.0,0.0,0.0,0.0,0.0,0.0,0.0,0.0,0.0,0.0,0.35,0,0,1,0,0,2,1,0,0,0,0.0,0.0,0.0,0.0,0.0
Kevin Behrens,GER,FW,Wolfsburg,33,18,0,170,1.9,1,0,1,1,0,0,2,0,2.3,2.3,0.1,2.4,2,4,18,0.53,0.0,0.53,0.53,0.53,1.24,0.06,1.3,1.24,1.3,1.0,0,4,1,0,0,1,1,0,9,3,33.3,4.76,1.59,0.11,0.33
Maximilian Beier,GER,"FW,MF",Dortmund,21,29,17,1591,17.7,8,5,13,8,0,0,2,0,7.7,7.7,3.3,11.0,24,33,124,0.45,0.28,0.74,0.45,0.74,0.44,0.19,0.62,0.44,0.62,25.0,0,17,16,9,18,7,15,0,42,13,31.0,2.38,0.74,0.19,0.62
Stefan Bell,GER,DF,Mainz 05,32,18,15,1436,16.0,0,1,1,0,0,0,4,0,0.8,0.8,1.0,1.8,8,38,5,0.0,0.06,0.06,0.0,0.06,0.05,0.06,0.11,0.05,0.11,0.8,0,24,10,3,0,28,11,0,12,4,33.3,0.75,0.25,0.0,0.0
Jeanuel Belocian,FRA,"DF,MF",Leverkusen,19,5,1,68,0.8,0,0,0,0,0,0,1,0,0.0,0.0,0.0,0.0,0,3,1,0.0,0.0,0.0,0.0,0.0,0.0,0.0,0.0,0.0,0.0,15.0,0,1,4,0,0,0,1,0,0,0,0.0,0.0,0.0,0.0,0.0
Laszlo Benes,SVK,"MF,FW",Union Berlin,26,23,3,589,6.5,2,1,3,2,0,0,4,0,0.9,0.9,1.0,1.9,6,28,34,0.31,0.15,0.46,0.31,0.46,0.14,0.15,0.29,0.14,0.29,3.0,0,10,4,1,49,4,3,0,19,7,36.8,2.9,1.07,0.11,0.29
Ramy Bensebaini,ALG,DF,Dortmund,29,31,23,2022,22.5,1,6,7,1,0,0,6,0,1.3,1.3,3.2,4.5,26,128,58,0.04,0.27,0.31,0.04,0.31,0.06,0.14,0.2,0.06,0.2,7.0,0,28,24,0,35,27,27,0,20,2,10.0,0.89,0.09,0.05,0.5
Mergim Berisha,GER,FW,Augsburg,26,13,3,373,4.1000000000000005,1,1,2,1,0,0,2,0,1.2,1.2,1.0,2.2,4,7,26,0.24,0.24,0.49,0.24,0.49,0.29,0.24,0.54,0.29,0.54,3.5,0,7,5,3,4,0,2,0,14,4,28.57,3.41,0.98,0.07,0.25
Bernardo,BRA,DF,Bochum,29,21,19,1782,19.8,0,0,0,0,0,0,5,0,0.7,0.7,0.7,1.4,14,100,14,0.0,0.0,0.0,0.0,0.0,0.04,0.04,0.07,0.04,0.07,5.5,0,24,11,0,15,26,26,0,8,2,25.0,0.4,0.1,0.0,0.0
Alexander Bernhardsson,SWE,"FW,MF",Holstein Kiel,25,19,15,1263,14.0,7,2,9,7,0,0,3,0,4.1,4.1,1.3,5.5,25,33,72,0.5,0.14,0.64,0.5,0.64,0.29,0.1,0.39,0.29,0.39,3.0,0,21,15,2,34,5,14,0,27,14,51.9,1.92,1.0,0.26,0.5
Matus Bero,SVK,MF,Bochum,28,30,29,2565,28.5,5,2,7,5,0,1,11,0,4.0,3.0,3.7,6.7,29,143,111,0.18,0.07,0.25,0.18,0.25,0.14,0.13,0.27,0.11,0.24,3.0,0,50,34,1,123,18,36,0,32,13,40.6,1.12,0.46,0.16,0.38
Jan-Niklas Beste,GER,"FW,MF",Freiburg,25,12,0,212,2.4,0,1,1,0,0,0,0,0,0.9,0.9,0.4,1.3,5,8,20,0.0,0.42,0.42,0.0,0.42,0.38,0.16,0.54,0.38,0.54,7.0,0,3,6,1,20,0,3,0,6,2,33.3,2.55,0.85,0.0,0.0
El Bilal Toure,MLI,"FW,MF",Stuttgart,22,12,3,356,4.0,2,1,3,2,0,0,0,0,1.6,1.6,1.1,2.8,6,7,25,0.51,0.25,0.76,0.51,0.76,0.41,0.29,0.7,0.41,0.7,15.0,0,9,3,1,0,0,1,0,14,4,28.6,3.54,1.01,0.14,0.5
Tom Bischof,GER,"MF,FW",Hoffenheim,19,31,30,2559,28.4,5,2,7,5,0,0,5,0,2.2,2.2,3.6,5.9,47,138,102,0.18,0.07,0.25,0.18,0.25,0.08,0.13,0.21,0.08,0.21,30.0,0,46,33,1,145,32,54,0,51,18,35.3,1.79,0.63,0.1,0.28
Leonardo Bittencourt,GER,MF,Werder Bremen,30,27,10,982,10.9,2,1,3,2,0,0,3,0,1.6,1.6,1.6,3.2,19,64,38,0.18,0.09,0.27,0.18,0.27,0.15,0.14,0.29,0.15,0.29,1.5,0,15,19,2,23,15,8,0,27,9,33.3,2.47,0.82,0.07,0.22
Myron Boadu,NED,FW,Bochum,23,19,11,1042,11.6,9,1,10,8,1,1,2,0,7.7,6.9,1.1,8.0,12,18,70,0.78,0.09,0.86,0.69,0.78,0.67,0.1,0.76,0.6,0.69,7.0,0,11,6,12,2,1,1,0,28,15,53.6,2.42,1.3,0.29,0.53
Sacha Boey,FRA,DF,Bayern Munich,23,13,6,593,6.6,0,2,2,0,0,0,1,0,0.1,0.1,1.2,1.3,18,39,63,0.0,0.3,0.3,0.0,0.3,0.02,0.18,0.2,0.02,0.2,18.0,0,7,7,0,12,2,6,0,3,1,33.3,0.46,0.15,0.0,0.0
Victor Boniface,NGA,FW,Leverkusen,23,19,12,1008,11.2,8,1,9,8,0,1,2,0,7.8,7.1,1.1,8.1,26,23,61,0.71,0.09,0.8,0.71,0.8,0.7,0.1,0.8,0.63,0.73,40.0,0,14,8,6,6,0,4,0,51,18,35.3,4.55,1.61,0.16,0.44
Sebastiaan Bornauw,BEL,DF,Wolfsburg,25,15,8,788,8.8,2,1,3,2,0,0,2,0,1.2,1.2,0.5,1.7,3,21,1,0.23,0.11,0.34,0.23,0.34,0.14,0.06,0.2,0.14,0.2,6.0,0,12,2,0,1,12,6,0,8,3,37.5,0.91,0.34,0.25,0.67
Carlo Boukhalfa,MAR,MF,St. Pauli,25,25,19,1646,18.3,2,0,2,2,0,0,1,0,1.5,1.5,1.1,2.6,10,41,44,0.11,0.0,0.11,0.11,0.11,0.08,0.06,0.14,0.08,0.14,2.0,0,18,17,2,11,10,11,0,21,4,19.0,1.15,0.22,0.1,0.5
Julian Brandt,GER,MF,Dortmund,28,30,28,2303,25.6,5,10,15,5,0,0,1,0,4.8,4.8,8.5,13.2,61,149,199,0.2,0.39,0.59,0.2,0.59,0.19,0.33,0.52,0.19,0.52,25.0,0,8,9,5,68,14,12,0,45,15,33.3,1.76,0.59,0.11,0.33
Tim Breithaupt,GER,MF,Augsburg,22,2,2,120,1.3,0,1,1,0,0,0,0,0,0.1,0.1,0.4,0.4,1,10,1,0.0,0.75,0.75,0.0,0.75,0.04,0.29,0.33,0.04,0.33,2.5,0,2,3,0,1,2,1,0,1,0,0.0,0.75,0.0,0.0,0.0
Maximilian Breunig,GER,"FW,MF",Heidenheim,23,13,2,350,3.9,2,0,2,1,1,1,0,0,3.4,2.7,0.2,2.9,5,7,13,0.51,0.0,0.51,0.26,0.26,0.89,0.05,0.94,0.68,0.74,1.5,0,8,5,1,1,1,4,0,11,3,27.3,2.83,0.77,0.09,0.33
Moritz Broschinski,GER,"FW,MF",Bochum,23,33,15,1390,15.4,1,3,4,1,0,0,1,0,4.2,4.2,1.8,6.0,37,20,130,0.06,0.19,0.26,0.06,0.26,0.27,0.12,0.39,0.27,0.39,2.0,0,28,18,5,28,1,16,0,38,12,31.6,2.46,0.78,0.03,0.08
Nathaniel Brown,GER,"DF,MF",Eint Frankfurt,21,26,22,1947,21.6,3,6,9,3,0,0,2,0,2.2,2.2,5.1,7.3,45,63,119,0.14,0.28,0.42,0.14,0.42,0.1,0.24,0.34,0.1,0.34,22.0,0,15,22,0,93,16,42,0,13,5,38.5,0.6,0.23,0.23,0.6
Jacob Bruun Larsen,DEN,"MF,FW",Stuttgart,25,27,6,814,9.0,3,2,5,3,0,0,1,0,2.9,2.9,1.7999999999999998,4.7,35,35,81,0.33,0.22,0.56,0.33,0.56,0.32,0.2,0.52,0.32,0.52,5.0,0,4,4,9,36,2,4,0,20,10,50.0,2.22,1.11,0.15,0.3
Emi Buendia,ARG,MF,Leverkusen,27,11,3,257,2.9,2,0,2,2,0,0,0,0,0.9,0.9,0.9,1.8,2,14,24,0.7,0.0,0.7,0.7,0.7,0.31,0.3,0.61,0.31,0.61,15.0,0,6,7,0,3,1,5,0,7,4,57.1,2.45,1.4,0.29,0.5
Marius Bulter,GER,"FW,DF",Hoffenheim,31,25,22,1729,19.2,7,2,9,7,0,0,4,0,3.7,3.7,3.1,6.8,57,35,155,0.36,0.1,0.47,0.36,0.47,0.19,0.16,0.35,0.19,0.35,2.5,0,11,36,6,86,4,10,0,38,16,42.1,1.98,0.83,0.18,0.44
Jonathan Burkardt,GER,FW,Mainz 05,24,29,28,2109,23.4,18,2,20,16,2,2,0,0,14.8,13.2,3.1,16.3,32,42,157,0.77,0.09,0.85,0.68,0.77,0.63,0.13,0.76,0.56,0.7,35.0,0,23,24,11,27,1,7,0,72,30,41.7,3.07,1.28,0.22,0.53
Oliver Burke,SCO,FW,Werder Bremen,27,25,9,908,10.1,5,0,5,5,0,0,4,0,4.1,4.1,1.7,5.8,22,15,88,0.5,0.0,0.5,0.5,0.5,0.41,0.17,0.57,0.41,0.57,3.0,0,12,2,8,20,2,4,0,35,13,37.1,3.47,1.29,0.14,0.38
Marnon Busch,GER,"DF,MF",Heidenheim,29,23,15,1396,15.5,0,1,1,0,0,0,1,0,0.4,0.4,1.1,1.5,22,63,43,0.0,0.06,0.06,0.0,0.06,0.02,0.07,0.1,0.02,0.1,1.2,0,8,7,0,50,14,15,0,13,3,23.1,0.84,0.19,0.0,0.0
Anthony Caci,FRA,DF,Mainz 05,27,33,33,2684,29.8,1,7,8,1,0,0,6,0,3.1,3.1,6.6,9.7,45,133,152,0.03,0.23,0.27,0.03,0.27,0.1,0.22,0.32,0.1,0.32,12.0,0,37,11,15,134,27,37,0,32,12,37.5,1.07,0.4,0.03,0.08
Cole Campbell,USA,"MF,FW",Dortmund,18,4,0,22,0.2,0,0,0,0,0,0,0,0,0.0,0.0,0.0,0.0,1,0,1,0.0,0.0,0.0,0.0,0.0,0.0,0.0,0.0,0.0,0.0,1.5,0,1,1,0,1,0,0,0,0,0,0.0,0.0,0.0,0.0,0.0
Emre Can,GER,"DF,MF",Dortmund,30,31,23,2105,23.4,3,0,3,1,2,2,4,1,2.0,0.4,0.7,1.1,20,116,12,0.13,0.0,0.13,0.04,0.04,0.08,0.03,0.11,0.02,0.05,7.0,0,25,19,0,10,20,27,0,9,3,33.3,0.38,0.13,0.11,0.33
Tiago Cardoso,LUX,GK,Gladbach,18,5,4,380,4.2,0,0,0,0,0,0,0,0,0.0,0.0,0.0,0.0,0,0,0,0.0,0.0,0.0,0.0,0.0,0.0,0.0,0.0,0.0,0.0,1.5,0,0,0,0,0,0,0,0,0,0,0.0,0.0,0.0,0.0,0.0
Abdoulie Ceesay,GAM,FW,St. Pauli,20,7,0,60,0.7,0,0,0,0,0,0,1,0,0.0,0.0,0.0,0.0,0,0,8,0.0,0.0,0.0,0.0,0.0,0.0,0.03,0.03,0.0,0.03,0.5,0,2,3,0,0,0,3,0,0,0,0.0,0.0,0.0,0.0,0.0
Julian Chabot,GER,DF,Stuttgart,26,31,27,2269,25.2,3,1,4,3,0,0,11,1,2.0,1.8,0.5,2.4,7,108,5,0.12,0.04,0.16,0.12,0.16,0.08,0.02,0.1,0.07,0.09,12.0,1,35,28,5,2,35,25,0,19,4,21.1,0.75,0.16,0.16,0.75
El Chadaille Bitshiabu,FRA,DF,RB Leipzig,19,21,13,1130,12.6,0,0,0,0,0,0,2,1,0.3,0.3,0.4,0.7,4,69,2,0.0,0.0,0.0,0.0,0.0,0.02,0.03,0.05,0.02,0.05,18.0,0,8,2,0,4,13,19,0,5,3,60.0,0.4,0.24,0.0,0.0
Fares Chaibi,ALG,"MF,FW",Eint Frankfurt,21,26,10,1013,11.3,1,3,4,1,0,0,2,0,2.6,2.6,2.9,5.5,20,52,73,0.09,0.27,0.36,0.09,0.36,0.23,0.26,0.49,0.23,0.49,9.0,0,5,7,1,72,10,10,0,25,6,24.0,2.22,0.53,0.04,0.17
Timothy Chandler,USA,DF,Eint Frankfurt,34,3,0,24,0.3,0,0,0,0,0,0,0,0,0.0,0.0,0.0,0.0,1,3,4,0.0,0.0,0.0,0.0,0.0,0.0,0.0,0.0,0.0,0.0,0.35,0,0,2,0,1,2,0,0,0,0,0.0,0.0,0.0,0.0,0.0
Anrie Chase,JPN,DF,Stuttgart,20,12,7,734,8.2,0,0,0,0,0,0,1,0,0.1,0.1,0.0,0.1,6,28,2,0.0,0.0,0.0,0.0,0.0,0.02,0.0,0.02,0.02,0.02,3.0,0,12,2,0,4,9,5,0,5,0,0.0,0.61,0.0,0.0,0.0
Arthur Chaves,BRA,DF,Hoffenheim,23,26,24,2185,24.3,1,0,1,1,0,0,8,0,0.8,0.8,0.1,0.9,10,57,13,0.04,0.0,0.04,0.04,0.04,0.03,0.0,0.04,0.03,0.04,5.0,0,38,19,1,8,38,35,0,11,2,18.2,0.45,0.08,0.09,0.5
Fabio Chiarodia,ITA,DF,Gladbach,19,16,3,379,4.2,1,0,1,1,0,0,0,0,0.3,0.3,0.4,0.7,1,10,1,0.24,0.0,0.24,0.24,0.24,0.07,0.1,0.17,0.07,0.17,2.0,0,7,0,0,0,9,4,0,4,1,25.0,0.95,0.24,0.25,1.0
Carney Chukwuemeka,ENG,MF,Dortmund,20,10,1,253,2.8,1,0,1,1,0,0,1,0,0.6,0.6,0.9,1.5,15,18,24,0.36,0.0,0.36,0.36,0.36,0.21,0.32,0.54,0.21,0.54,18.0,0,4,5,1,1,1,5,0,8,2,25.0,2.85,0.71,0.13,0.5
Alexis Claude-Maurice,FRA,"MF,FW",Augsburg,26,28,25,2109,23.4,9,2,11,9,0,0,4,0,4.7,4.7,1.2,5.9,59,61,102,0.38,0.09,0.47,0.38,0.47,0.2,0.05,0.25,0.2,0.25,12.0,0,26,42,3,21,15,26,0,59,22,37.3,2.52,0.94,0.15,0.41
Nnamdi Collins,GER,DF,Eint Frankfurt,20,24,15,1489,16.5,1,1,2,1,0,0,4,0,0.8,0.8,1.0,1.8,30,63,42,0.06,0.06,0.12,0.06,0.12,0.05,0.06,0.11,0.05,0.11,10.0,0,26,22,0,17,18,24,0,5,2,40.0,0.3,0.12,0.2,0.5
Kingsley Coman,FRA,FW,Bayern Munich,28,28,14,1282,14.2,5,4,9,5,0,0,0,0,4.3,4.3,3.3,7.6,66,45,215,0.35,0.28,0.63,0.35,0.63,0.3,0.23,0.53,0.3,0.53,30.0,0,9,12,8,47,8,11,0,44,17,38.6,3.09,1.19,0.11,0.29
Sirlord Conteh,GER,"FW,MF",Heidenheim,28,29,4,892,9.9,1,1,2,1,0,0,2,0,2.1,2.1,2.6,4.7,29,19,75,0.1,0.1,0.2,0.1,0.2,0.21,0.26,0.47,0.21,0.47,1.5,0,8,11,4,21,0,5,0,13,5,38.5,1.31,0.5,0.08,0.2
Danny da Costa,GER,DF,Mainz 05,31,25,25,2006,22.3,0,1,1,0,0,0,0,0,0.1,0.1,0.6,0.7,21,109,22,0.0,0.04,0.04,0.0,0.04,0.0,0.03,0.03,0.0,0.03,1.5,0,19,4,0,22,29,24,0,5,1,20.0,0.22,0.04,0.0,0.0
Yan Couto,BRA,"DF,FW",Dortmund,22,21,8,895,9.9,0,0,0,0,0,0,5,0,0.3,0.3,0.9,1.2,46,68,83,0.0,0.0,0.0,0.0,0.0,0.03,0.09,0.12,0.03,0.12,20.0,0,12,7,0,53,10,16,0,6,2,33.3,0.6,0.2,0.0,0.0
Tomas Cvancara,CZE,FW,Gladbach,23,28,7,831,9.2,2,0,2,2,0,0,5,1,3.8,3.8,0.9,4.7,15,23,50,0.22,0.0,0.22,0.22,0.22,0.41,0.1,0.51,0.41,0.51,3.0,1,11,6,1,15,4,0,0,24,9,37.5,2.6,0.97,0.08,0.22
Finn Dahmen,GER,GK,Augsburg,26,19,19,1710,19.0,0,0,0,0,0,0,0,0,0.0,0.0,0.0,0.0,0,3,0,0.0,0.0,0.0,0.0,0.0,0.0,0.0,0.0,0.0,0.0,9.0,0,0,1,0,0,0,0,0,0,0,0.0,0.0,0.0,0.0,0.0
Thomas Dahne,GER,GK,Holstein Kiel,30,9,9,810,9.0,0,0,0,0,0,0,0,0,0.0,0.0,0.0,0.0,0,0,0,0.0,0.0,0.0,0.0,0.0,0.0,0.0,0.0,0.0,0.0,0.4,0,1,1,0,0,0,0,0,0,0,0.0,0.0,0.0,0.0,0.0
Mahmoud Dahoud,GER,MF,Eint Frankfurt,28,9,3,364,4.0,1,1,2,1,0,0,2,0,0.5,0.5,0.7,1.2,1,17,6,0.25,0.25,0.49,0.25,0.49,0.13,0.18,0.31,0.13,0.31,3.5,0,10,2,0,4,2,4,0,7,2,28.6,1.73,0.49,0.14,0.5
Ameen Al-Dakhil,BEL,DF,Stuttgart,22,7,6,432,4.8,0,0,0,0,0,0,0,1,0.1,0.1,0.2,0.2,1,12,0,0.0,0.0,0.0,0.0,0.0,0.01,0.04,0.05,0.01,0.05,7.5,0,4,5,0,0,9,6,0,1,0,0.0,0.21,0.0,0.0,0.0
Bence Dardai,HUN,MF,Wolfsburg,18,21,16,1304,14.5,1,1,2,1,0,0,0,0,1.0,1.0,1.0,2.1,5,39,24,0.07,0.07,0.14,0.07,0.14,0.07,0.07,0.14,0.07,0.14,12.0,0,9,16,0,10,12,14,0,11,1,9.1,0.76,0.07,0.09,1.0
Lukas Daschner,GER,"MF,FW",Bochum,25,14,3,412,4.6,1,1,2,1,0,1,0,0,2.7,1.9,0.7,2.6,8,11,19,0.22,0.22,0.44,0.22,0.44,0.6,0.15,0.74,0.42,0.57,0.9,0,4,2,0,19,0,2,0,9,6,66.7,1.97,1.31,0.11,0.17
Alphonso Davies,CAN,DF,Bayern Munich,23,19,17,1560,17.3,1,2,3,1,0,0,0,0,1.2,1.2,1.6,2.8,81,120,140,0.06,0.12,0.17,0.06,0.17,0.07,0.09,0.16,0.07,0.16,50.0,0,8,26,3,19,13,16,0,17,3,17.6,0.98,0.17,0.06,0.33
Olivier Deman,BEL,DF,Werder Bremen,24,9,0,67,0.7,0,0,0,0,0,0,1,0,0.0,0.0,0.1,0.1,2,4,1,0.0,0.0,0.0,0.0,0.0,0.0,0.15,0.15,0.0,0.15,3.0,0,1,2,0,6,4,3,0,0,0,0.0,0.0,0.0,0.0,0.0
Ermedin Demirovic,BIH,FW,Stuttgart,26,34,20,1855,20.6,15,1,16,15,0,2,2,0,14.1,12.4,1.9,14.3,20,31,115,0.73,0.05,0.78,0.73,0.78,0.69,0.09,0.78,0.6,0.7,22.0,0,24,27,18,3,1,7,0,65,30,46.2,3.15,1.46,0.23,0.5
Justin Diehl,GER,"FW,DF",Stuttgart,19,6,0,104,1.2,1,0,1,1,0,0,0,0,1.0,1.0,0.1,1.1,5,5,20,0.87,0.0,0.87,0.87,0.87,0.84,0.1,0.94,0.84,0.94,3.0,0,2,0,0,10,0,0,0,7,1,14.3,6.06,0.87,0.14,1.0
Eric Dier,ENG,DF,Bayern Munich,30,21,16,1463,16.3,2,1,3,2,0,0,1,0,1.1,1.1,0.1,1.2,12,73,1,0.12,0.06,0.18,0.12,0.18,0.07,0.01,0.08,0.07,0.08,8.0,0,16,4,1,2,14,12,0,9,6,66.7,0.55,0.37,0.22,0.33
Junior Dina Ebimbe,FRA,"MF,FW",Eint Frankfurt,23,7,3,293,3.3,0,1,1,0,0,0,0,0,0.9,0.9,0.9,1.8,5,3,27,0.0,0.31,0.31,0.0,0.31,0.26,0.29,0.56,0.26,0.56,6.0,0,10,4,1,8,7,2,0,8,0,0.0,2.46,0.0,0.0,0.0
Eren Dinkci,GER,"MF,FW",Freiburg,22,23,13,1196,13.3,0,3,3,0,0,0,1,0,1.1,1.1,2.2,3.3,33,35,71,0.0,0.23,0.23,0.0,0.23,0.09,0.16,0.25,0.09,0.25,8.0,0,9,6,1,16,7,14,0,14,3,21.4,1.05,0.23,0.0,0.0
Ritsu Doan,JPN,"FW,MF",Freiburg,26,34,33,2862,31.8,10,7,17,10,0,0,2,0,6.6,6.6,3.7,10.3,64,130,178,0.31,0.22,0.53,0.31,0.53,0.21,0.12,0.32,0.21,0.32,25.0,0,27,56,8,80,14,43,0,61,23,37.7,1.92,0.72,0.16,0.43
Danilho Doekhi,NED,DF,Union Berlin,26,34,34,3060,34.0,1,1,2,1,0,0,4,0,2.6,2.6,1.4,4.0,13,96,14,0.03,0.03,0.06,0.03,0.06,0.08,0.04,0.12,0.08,0.12,13.0,0,36,14,2,10,44,23,0,32,4,12.5,0.94,0.12,0.03,0.25
Niklas Dorsch,GER,MF,Heidenheim,26,23,19,1367,15.2,2,2,4,2,0,0,5,1,1.0,1.0,1.1,2.1,14,58,21,0.13,0.13,0.26,0.13,0.26,0.07,0.07,0.14,0.07,0.14,3.5,0,15,22,0,37,16,18,0,9,3,33.33,0.59,0.2,0.22,0.67
Patrick Drewes,GER,GK,Bochum,31,21,21,1890,21.0,0,0,0,0,0,0,2,0,0.0,0.0,0.0,0.0,0,0,0,0.0,0.0,0.0,0.0,0.0,0.0,0.0,0.0,0.0,0.0,0.5,0,1,3,0,0,0,0,0,0,0,0.0,0.0,0.0,0.0,0.0
Tim Drexler,GER,DF,Hoffenheim,19,8,5,357,4.0,0,0,0,0,0,0,2,0,0.1,0.1,0.0,0.1,2,16,2,0.0,0.0,0.0,0.0,0.0,0.01,0.01,0.02,0.01,0.02,3.0,0,8,2,0,1,0,8,0,2,2,100.0,0.5,0.5,0.0,0.0
Marvin Ducksch,GER,FW,Werder Bremen,30,32,30,2418,26.9,8,8,16,7,1,2,3,0,10.1,8.5,8.5,17.0,26,86,166,0.3,0.3,0.6,0.26,0.56,0.38,0.31,0.69,0.32,0.63,6.0,0,6,17,14,169,7,6,0,71,29,40.8,2.64,1.08,0.1,0.24
Julien Duranville,BEL,"FW,MF",Dortmund,18,12,2,283,3.1,0,0,0,0,0,0,3,0,0.2,0.2,0.3,0.6,16,7,33,0.0,0.0,0.0,0.0,0.0,0.08,0.1,0.18,0.08,0.18,8.5,0,10,7,2,13,0,0,0,5,2,40.0,1.59,0.64,0.0,0.0
Adam Dzwigala,POL,"DF,MF",St. Pauli,28,16,2,373,4.1,0,0,0,0,0,0,2,1,0.4,0.4,0.0,0.4,1,14,4,0.0,0.0,0.0,0.0,0.0,0.09,0.0,0.09,0.09,0.09,0.6,0,5,3,0,3,3,10,0,6,0,0.0,1.45,0.0,0.0,0.0
Johannes Eggestein,GER,FW,St. Pauli,26,27,22,1853,20.6,3,4,7,2,1,2,3,0,4.7,3.1,2.1,5.2,25,43,138,0.15,0.19,0.34,0.1,0.29,0.23,0.1,0.33,0.15,0.25,2.5,0,12,12,14,35,0,4,0,36,13,36.1,1.75,0.63,0.06,0.15
Maximilian Eggestein,GER,MF,Freiburg,27,33,33,2845,31.6,2,0,2,2,0,0,4,0,2.0,2.0,1.5,3.5,34,141,41,0.06,0.0,0.06,0.06,0.06,0.06,0.05,0.11,0.06,0.11,10.0,0,22,24,1,9,39,31,0,36,12,33.3,1.14,0.38,0.06,0.17
Hugo Ekitike,FRA,FW,Eint Frankfurt,22,33,31,2563,28.5,15,8,23,14,1,3,1,0,21.6,19.3,6.8,26.0,93,53,215,0.53,0.28,0.81,0.49,0.77,0.76,0.24,0.99,0.68,0.91,75.0,0,39,17,19,17,5,12,0,117,48,41.0,4.11,1.69,0.12,0.29
Elif Elmas,MKD,MF,RB Leipzig,24,2,0,44,0.5,0,0,0,0,0,0,1,0,0.3,0.3,0.0,0.3,0,2,2,0.0,0.0,0.0,0.0,0.0,0.7,0.0,0.7,0.7,0.7,14.0,0,2,0,1,0,0,1,0,2,1,50.0,4.09,2.05,0.0,0.0
Nico Elvedi,SUI,DF,Gladbach,27,25,25,2135,23.7,1,1,2,1,0,0,1,0,2.0,2.0,0.4,2.5,20,55,5,0.04,0.04,0.08,0.04,0.08,0.09,0.02,0.1,0.09,0.1,8.0,0,9,15,1,1,27,24,1,12,4,33.3,0.51,0.17,0.08,0.25
Arne Engels,BEL,"MF,FW",Augsburg,20,1,1,79,0.9,0,0,0,0,0,0,1,0,0.4,0.4,0.0,0.4,1,1,5,0.0,0.0,0.0,0.0,0.0,0.45,0.0,0.45,0.45,0.45,12.0,0,3,1,0,4,0,0,0,3,1,33.3,3.42,1.14,0.0,0.0
Patrick Erras,GER,DF,Holstein Kiel,29,10,10,832,9.2,1,0,1,1,0,0,2,0,0.9,0.9,0.1,1.0,3,25,1,0.11,0.0,0.11,0.11,0.11,0.1,0.01,0.11,0.1,0.11,0.8,0,10,0,0,0,9,6,0,8,1,12.5,0.87,0.11,0.13,1.0
Samuel Essende,COD,FW,Augsburg,26,30,21,1636,18.2,7,2,9,7,0,0,4,2,4.2,4.2,1.3,5.5,33,21,118,0.39,0.11,0.5,0.39,0.5,0.23,0.07,0.3,0.23,0.3,4.5,0,45,34,13,5,1,6,0,44,13,29.5,2.42,0.72,0.16,0.54
Frank Feller,GER,GK,Heidenheim,20,2,1,121,1.3,0,0,0,0,0,0,0,0,0.0,0.0,0.0,0.0,0,0,0,0.0,0.0,0.0,0.0,0.0,0.0,0.0,0.0,0.0,0.0,0.5,0,0,0,0,0,0,0,0,0,0,0.0,0.0,0.0,0.0,0.0
Kilian Fischer,GER,DF,Wolfsburg,23,32,29,2297,25.5,1,0,1,1,0,0,7,0,0.3,0.3,0.5,0.8,51,110,89,0.04,0.0,0.04,0.04,0.04,0.01,0.02,0.03,0.01,0.03,6.0,0,34,7,0,39,19,46,0,6,1,16.7,0.24,0.04,0.17,1.0
Jonas Fohrenbach,GER,DF,Heidenheim,28,27,22,1832,20.4,0,1,1,0,0,0,3,0,0.3,0.3,1.3,1.6,36,59,50,0.0,0.05,0.05,0.0,0.05,0.01,0.06,0.08,0.01,0.08,1.5,0,13,4,1,58,15,24,0,8,1,12.5,0.39,0.05,0.0,0.0
Marco Friedl,AUT,DF,Werder Bremen,26,26,25,2161,24.0,0,0,0,0,0,0,10,2,0.5,0.5,0.2,0.7,4,69,1,0.0,0.0,0.0,0.0,0.0,0.02,0.01,0.03,0.02,0.03,12.0,1,26,16,3,2,36,41,2,4,3,75.0,0.17,0.12,0.0,0.0
Marvin Friedrich,GER,DF,Gladbach,28,22,9,989,11.0,0,1,1,0,0,0,0,0,0.4,0.4,0.6,1.1,11,36,3,0.0,0.09,0.09,0.0,0.09,0.04,0.06,0.1,0.04,0.1,3.5,0,5,4,0,0,6,9,0,7,2,28.6,0.64,0.18,0.0,0.0
Jeremie Frimpong,NED,"DF,MF",Leverkusen,23,33,25,2314,25.7,5,5,10,5,0,0,4,0,4.1,4.1,4.2,8.3,100,55,272,0.19,0.19,0.39,0.19,0.39,0.16,0.16,0.32,0.16,0.32,50.0,0,20,31,9,113,8,24,0,34,16,47.1,1.32,0.62,0.15,0.31
Chris Fuhrich,GER,"MF,FW",Stuttgart,26,33,23,1981,22.0,2,3,5,2,0,0,1,0,2.9,2.9,3.7,6.6,114,95,202,0.09,0.14,0.23,0.09,0.23,0.13,0.17,0.3,0.13,0.3,15.0,0,9,6,1,83,7,11,0,36,12,33.3,1.64,0.55,0.06,0.17
Shio Fukuda,JPN,FW,Gladbach,20,6,0,60,0.7,1,0,1,1,0,0,0,0,0.4,0.4,0.0,0.4,0,1,3,1.5,0.0,1.5,1.5,1.5,0.65,0.0,0.65,0.65,0.65,0.5,0,2,0,1,1,0,0,0,3,1,33.3,4.5,1.5,0.33,1.0
Cristian Gamboa,CRC,DF,Bochum,34,12,1,226,2.5,1,0,1,1,0,0,1,0,0.2,0.2,0.2,0.3,2,5,9,0.4,0.0,0.4,0.4,0.4,0.06,0.07,0.14,0.06,0.14,0.5,0,1,3,0,6,2,3,0,4,1,25.0,1.59,0.4,0.25,1.0
Aleix Garcia,ESP,MF,Leverkusen,27,28,17,1455,16.2,3,4,7,3,0,0,3,0,1.0,1.0,4.9,5.9,27,120,47,0.19,0.25,0.43,0.19,0.43,0.06,0.3,0.36,0.06,0.36,20.0,0,8,9,1,93,14,9,0,15,5,33.3,0.93,0.31,0.2,0.6
Viggo Gebel,GER,MF,RB Leipzig,16,1,0,14,0.2,0,0,0,0,0,0,0,0,0.0,0.0,0.0,0.0,0,0,3,0.0,0.0,0.0,0.0,0.0,0.0,0.0,0.0,0.0,0.0,0.35,0,0,1,0,0,0,0,0,0,0,0.0,0.0,0.0,0.0,0.0
Lutsharel Geertruida,NED,DF,RB Leipzig,24,24,17,1557,17.3,1,0,1,1,0,0,2,0,1.1,1.1,1.0,2.0,21,93,34,0.06,0.0,0.06,0.06,0.06,0.06,0.06,0.12,0.06,0.12,20.0,0,17,6,1,13,16,24,0,8,2,25.0,0.46,0.12,0.13,0.5
Dennis Geiger,GER,"MF,FW",Hoffenheim,26,20,7,734,8.2,0,0,0,0,0,0,4,0,0.2,0.2,0.5,0.6,12,37,21,0.0,0.0,0.0,0.0,0.0,0.02,0.06,0.08,0.02,0.08,2.0,0,26,10,0,5,7,14,0,5,1,20.0,0.61,0.12,0.0,0.0
Valentin Gendrey,FRA,DF,Hoffenheim,24,22,14,1414,15.7,1,1,2,1,0,0,1,0,1.1,1.1,1.8,2.9,24,49,86,0.06,0.06,0.13,0.06,0.13,0.07,0.12,0.19,0.07,0.19,7.0,0,12,27,2,51,15,13,0,10,5,50.0,0.64,0.32,0.1,0.2
Yannick Gerhardt,GER,"MF,DF",Wolfsburg,30,29,15,1518,16.9,1,1,2,1,0,0,5,1,1.2,1.2,0.2,1.4,27,57,63,0.06,0.06,0.12,0.06,0.12,0.07,0.01,0.08,0.07,0.08,2.5,0,20,13,2,23,16,14,0,15,4,26.7,0.89,0.24,0.07,0.25
Max Geschwill,GER,DF,Holstein Kiel,23,19,13,1282,14.2,1,2,3,1,0,0,2,0,0.9,0.9,0.8,1.6,6,58,16,0.07,0.14,0.21,0.07,0.21,0.06,0.05,0.12,0.06,0.12,1.5,0,13,9,1,10,31,22,1,9,2,22.2,0.63,0.14,0.11,0.5
Dimitris Giannoulis,GRE,DF,Augsburg,28,31,31,2650,29.4,1,4,5,1,0,0,8,0,1.1,1.1,4.2,5.3,60,104,164,0.03,0.14,0.17,0.03,0.17,0.04,0.14,0.18,0.04,0.18,3.0,0,17,20,1,120,47,33,0,13,4,30.8,0.44,0.14,0.08,0.25
Armin Gigovic,BIH,MF,Holstein Kiel,22,31,23,1895,21.1,5,1,6,5,0,0,5,0,1.9,1.9,2.1,3.9,37,50,45,0.24,0.05,0.28,0.24,0.28,0.09,0.1,0.19,0.09,0.19,3.0,0,22,28,2,14,22,14,0,26,11,42.3,1.23,0.52,0.19,0.45
Benedikt Gimber,GER,DF,Heidenheim,27,32,32,2671,29.7,0,0,0,0,0,0,9,0,0.7,0.7,0.3,1.0,7,46,8,0.0,0.0,0.0,0.0,0.0,0.02,0.01,0.03,0.02,0.03,3.0,0,63,49,1,3,32,47,0,13,1,7.7,0.44,0.03,0.0,0.0
Matthias Ginter,GER,DF,Freiburg,30,32,28,2561,28.5,2,1,3,2,0,0,5,0,2.8,2.8,0.7,3.5,11,113,16,0.07,0.04,0.11,0.07,0.11,0.1,0.02,0.12,0.1,0.12,7.0,0,13,26,1,12,17,17,0,24,4,16.7,0.84,0.14,0.08,0.5
Jamie Gittens,ENG,"FW,MF",Dortmund,19,32,21,1776,19.7,8,3,11,8,0,0,4,0,3.6,3.6,2.5,6.1,113,42,180,0.41,0.15,0.56,0.41,0.56,0.18,0.13,0.31,0.18,0.31,50.0,0,25,44,3,49,10,17,0,52,24,46.2,2.64,1.22,0.15,0.33
Serge Gnabry,GER,"FW,MF",Bayern Munich,29,27,13,1242,13.8,7,5,12,7,0,1,0,0,7.5,6.8,5.1,11.9,44,48,149,0.51,0.36,0.87,0.51,0.87,0.55,0.37,0.92,0.49,0.86,22.0,0,19,6,8,22,6,10,0,49,18,36.7,3.55,1.3,0.14,0.39
Tidiam Gomis,FRA,"MF,FW",RB Leipzig,17,8,1,152,1.7,0,1,1,0,0,0,2,0,0.3,0.3,0.9,1.2,5,3,14,0.0,0.59,0.59,0.0,0.59,0.15,0.55,0.7,0.15,0.7,3.0,0,3,2,2,4,1,0,0,5,1,20.0,2.96,0.59,0.0,0.0
Leon Goretzka,GER,"MF,DF",Bayern Munich,29,26,13,1325,14.7,4,1,5,4,0,0,2,0,2.8,2.8,1.7,4.4,35,127,28,0.27,0.07,0.34,0.27,0.34,0.19,0.11,0.3,0.19,0.3,22.0,0,12,11,0,6,17,9,0,32,11,34.4,2.17,0.75,0.13,0.36
Robin Gosens,GER,DF,Union Berlin,30,1,1,90,1.0,0,0,0,0,0,0,1,0,0.0,0.0,0.1,0.2,1,4,5,0.0,0.0,0.0,0.0,0.0,0.02,0.13,0.15,0.02,0.15,8.0,0,5,0,0,1,1,0,0,1,0,0.0,1.0,0.0,0.0,0.0
Mario Gotze,GER,"MF,FW",Eint Frankfurt,32,24,18,1542,17.1,3,2,5,3,0,0,1,0,2.9,2.9,3.1,6.0,29,88,96,0.18,0.12,0.29,0.18,0.29,0.17,0.18,0.35,0.17,0.35,4.0,0,15,15,1,39,7,28,0,8,5,62.5,0.47,0.29,0.38,0.6
Jeffrey Gouweleeuw,NED,DF,Augsburg,33,33,33,2944,32.7,1,4,5,1,0,1,9,0,1.7,0.9,2.2,3.1,24,142,19,0.03,0.12,0.15,0.03,0.15,0.05,0.07,0.12,0.03,0.1,1.5,0,22,13,2,17,39,31,0,18,5,27.8,0.55,0.15,0.06,0.2
Kamil Grabara,POL,GK,Wolfsburg,25,29,29,2585,28.7,0,0,0,0,0,0,2,0,0.0,0.0,0.0,0.0,0,2,0,0.0,0.0,0.0,0.0,0.0,0.0,0.0,0.0,0.0,0.0,14.0,0,0,3,0,0,0,0,0,0,0,0.0,0.0,0.0,0.0,0.0
Michael Gregoritsch,AUT,FW,Freiburg,30,20,5,639,7.1,2,1,3,2,0,0,2,0,1.8,1.8,0.4,2.2,6,19,36,0.28,0.14,0.42,0.28,0.42,0.25,0.06,0.31,0.25,0.31,3.0,0,7,5,4,1,1,2,0,16,6,37.5,2.25,0.85,0.13,0.33
Vincenzo Grifo,ITA,"FW,MF",Freiburg,31,34,31,2432,27.0,8,11,19,8,0,3,2,0,7.9,5.6,6.9,12.5,58,128,147,0.3,0.41,0.7,0.3,0.7,0.29,0.26,0.55,0.21,0.46,6.0,0,15,12,2,157,8,21,0,66,29,43.9,2.44,1.07,0.12,0.28
Florian Grillitsch,AUT,MF,Hoffenheim,28,8,8,601,6.7,0,0,0,0,0,0,1,0,0.2,0.2,0.2,0.3,4,44,4,0.0,0.0,0.0,0.0,0.0,0.02,0.03,0.05,0.02,0.05,2.0,0,4,11,0,5,9,9,0,6,1,16.7,0.9,0.15,0.0,0.0
Alex Grimaldo,ESP,DF,Leverkusen,28,32,31,2636,29.3,2,7,9,2,0,0,6,1,2.5,2.5,8.1,10.6,86,160,252,0.07,0.24,0.31,0.07,0.31,0.09,0.28,0.36,0.09,0.36,30.0,1,15,25,8,217,17,15,0,44,14,31.8,1.5,0.48,0.05,0.14
Pascal Gross,GER,"MF,DF",Dortmund,33,30,28,2327,25.9,0,9,9,0,0,0,5,1,2.4,2.4,5.1,7.5,41,178,122,0.0,0.35,0.35,0.0,0.35,0.09,0.2,0.29,0.09,0.29,5.0,0,18,12,0,178,9,29,0,27,7,25.9,1.04,0.27,0.0,0.0
Marco Grull,AUT,"FW,MF",Werder Bremen,26,30,13,1181,13.1,6,1,7,6,0,0,1,0,4.0,4.0,1.8,5.8,24,38,93,0.46,0.08,0.53,0.46,0.53,0.3,0.14,0.44,0.3,0.44,4.0,0,22,31,6,21,5,10,0,25,10,40.0,1.91,0.76,0.24,0.6
Raphael Guerreiro,POR,"DF,MF",Bayern Munich,30,23,19,1572,17.5,4,4,8,4,0,0,2,0,2.9,2.9,2.9,5.8,39,85,126,0.23,0.23,0.46,0.23,0.46,0.16,0.17,0.33,0.16,0.33,8.0,0,9,7,0,27,10,14,0,21,11,52.4,1.2,0.63,0.19,0.36
Morgan Guilavogui,GUI,"FW,MF",St. Pauli,26,25,21,1807,20.1,6,2,8,6,0,0,6,0,7.1,7.1,1.9,9.1,42,41,135,0.3,0.1,0.4,0.3,0.4,0.36,0.1,0.45,0.36,0.45,4.0,0,47,34,11,10,13,19,0,41,15,36.6,2.04,0.75,0.15,0.4
Serhou Guirassy,GUI,FW,Dortmund,28,30,29,2598,28.9,21,4,25,18,3,4,4,0,22.7,19.6,3.9,23.5,25,43,128,0.73,0.14,0.87,0.62,0.76,0.79,0.14,0.92,0.68,0.81,45.0,0,16,53,12,1,5,6,0,89,37,41.6,3.08,1.28,0.2,0.49
Peter Gulacsi,HUN,GK,RB Leipzig,34,30,30,2631,29.2,0,0,0,0,0,0,0,0,0.0,0.0,0.0,0.0,0,0,0,0.0,0.0,0.0,0.0,0.0,0.0,0.0,0.0,0.0,0.0,2.0,0,0,1,0,0,0,1,0,0,0,0.0,0.0,0.0,0.0,0.0
Robert Gumny,POL,DF,Augsburg,26,7,2,271,3.0,0,0,0,0,0,0,2,0,0.3,0.3,0.5,0.8,5,10,13,0.0,0.0,0.0,0.0,0.0,0.11,0.15,0.26,0.11,0.26,1.5,0,4,4,0,4,1,3,0,4,2,50.0,1.33,0.66,0.0,0.0
Christian Gunter,GER,DF,Freiburg,31,29,27,2314,25.7,2,2,4,2,0,0,0,0,0.8,0.6,2.5,3.2,19,52,109,0.08,0.08,0.16,0.08,0.16,0.03,0.1,0.13,0.02,0.12,3.5,0,14,4,5,123,7,22,1,20,6,30.0,0.78,0.23,0.1,0.33
Janik Haberer,GER,"MF,DF",Union Berlin,30,28,21,1696,18.8,0,0,0,0,0,0,1,0,0.7,0.7,0.8,1.6,13,59,22,0.0,0.0,0.0,0.0,0.0,0.04,0.04,0.08,0.04,0.08,2.5,0,21,15,3,15,18,28,0,15,3,20.0,0.8,0.16,0.0,0.0
Robin Hack,GER,"FW,MF",Gladbach,25,33,27,2172,24.1,4,7,11,4,0,0,4,0,5.4,5.4,3.6,9.0,51,95,141,0.17,0.29,0.46,0.17,0.46,0.22,0.15,0.38,0.22,0.38,12.0,0,19,21,9,61,9,19,0,58,24,41.4,2.4,0.99,0.07,0.17
Amadou Haidara,MLI,MF,RB Leipzig,26,28,16,1320,14.7,0,1,1,0,0,0,7,0,1.4,1.4,0.9,2.2,7,65,24,0.0,0.07,0.07,0.0,0.07,0.09,0.06,0.15,0.09,0.15,16.0,0,23,8,0,12,18,17,0,18,2,11.1,1.23,0.14,0.0,0.0
Andreas Hanche-Olsen,NOR,DF,Mainz 05,27,22,12,1284,14.3,1,1,2,1,0,0,4,1,0.8,0.8,0.3,1.1,2,34,5,0.07,0.07,0.14,0.07,0.14,0.06,0.02,0.08,0.06,0.08,6.0,1,20,8,0,1,11,14,0,12,2,16.7,0.84,0.14,0.08,0.5
Phil Harres,GER,FW,Holstein Kiel,22,26,17,1544,17.2,8,1,9,8,0,0,3,0,5.9,5.9,1.3,7.2,12,16,71,0.47,0.06,0.52,0.47,0.52,0.34,0.07,0.42,0.34,0.42,4.0,0,35,20,5,6,4,9,0,37,17,45.9,2.16,0.99,0.22,0.47
Ramon Hendriks,NED,DF,Stuttgart,23,25,10,1154,12.8,0,1,1,0,0,0,3,0,0.6,0.6,1.0,1.6,8,36,22,0.0,0.08,0.08,0.0,0.08,0.04,0.08,0.12,0.04,0.12,5.0,0,12,14,0,12,15,11,0,5,1,20.0,0.39,0.08,0.0,0.0
Paul Hennrich,GER,MF,Hoffenheim,19,1,0,12,0.1,0,0,0,0,0,0,0,0,0.0,0.0,0.0,0.0,1,0,0,0.0,0.0,0.0,0.0,0.0,0.0,0.0,0.0,0.0,0.0,0.4,0,0,0,0,0,0,0,0,0,0,0.0,0.0,0.0,0.0,0.0
Benjamin Henrichs,GER,DF,RB Leipzig,27,15,10,935,10.4,0,2,2,0,0,0,3,0,0.5,0.4,1.4,1.8,9,29,55,0.0,0.19,0.19,0.0,0.19,0.05,0.14,0.18,0.04,0.18,15.0,0,13,9,0,19,15,16,0,10,1,10.0,0.96,0.1,0.0,0.0
Mario Hermoso,ESP,DF,Leverkusen,29,4,3,293,3.3,0,0,0,0,0,0,0,0,0.4,0.4,0.2,0.6,2,20,3,0.0,0.0,0.0,0.0,0.0,0.11,0.06,0.17,0.11,0.17,7.0,0,2,1,0,4,9,0,0,4,0,0.0,1.23,0.0,0.0,0.0
Piero Hincapie,ECU,DF,Leverkusen,22,32,28,2670,29.7,2,2,4,2,0,0,8,0,2.9,2.9,3.2,6.1,52,152,72,0.07,0.07,0.13,0.07,0.13,0.1,0.11,0.21,0.1,0.21,50.0,0,26,43,0,36,32,40,1,22,3,13.6,0.74,0.1,0.09,0.67
Adam Hlozek,CZE,"FW,MF",Hoffenheim,22,27,22,1871,20.8,8,4,12,8,0,0,2,0,5.6,5.6,3.5,9.1,54,68,102,0.38,0.19,0.58,0.38,0.58,0.27,0.17,0.44,0.27,0.44,18.0,0,16,30,6,20,4,11,0,59,25,42.4,2.84,1.2,0.14,0.32
Nicolas Hofler,GER,MF,Freiburg,34,20,7,794,8.8,0,0,0,0,0,0,3,0,0.2,0.2,0.1,0.3,1,30,3,0.0,0.0,0.0,0.0,0.0,0.03,0.01,0.04,0.03,0.04,0.5,0,12,5,0,1,14,22,0,4,0,0.0,0.45,0.0,0.0,0.0
Jonas Hofmann,GER,"MF,DF",Leverkusen,32,11,4,356,4.0,2,1,3,2,0,0,1,0,1.0,1.0,0.4,1.4,10,14,29,0.51,0.25,0.76,0.51,0.76,0.25,0.11,0.35,0.25,0.35,2.0,0,1,9,0,5,0,0,0,9,5,55.6,2.28,1.26,0.22,0.4
Philipp Hofmann,GER,FW,Bochum,31,32,27,2277,25.3,3,3,6,3,0,0,4,0,5.5,5.5,3.3,8.8,8,53,112,0.12,0.12,0.24,0.12,0.24,0.22,0.13,0.35,0.22,0.35,1.0,0,36,31,4,10,5,12,0,54,19,35.2,2.13,0.75,0.06,0.16
Lucas Holer,GER,"FW,MF",Freiburg,30,31,21,1867,20.7,6,4,10,6,0,1,3,0,7.7,6.9,2.9,9.8,21,47,122,0.29,0.19,0.48,0.29,0.48,0.37,0.14,0.51,0.33,0.47,3.0,0,31,30,8,14,6,24,0,35,19,54.3,1.69,0.92,0.17,0.32
Benedict Hollerbach,GER,"FW,MF",Union Berlin,23,34,30,2540,28.2,9,1,10,9,0,0,3,0,7.0,7.0,1.6,8.6,103,68,214,0.32,0.04,0.35,0.32,0.35,0.25,0.06,0.31,0.25,0.31,12.0,0,43,45,17,73,3,20,0,77,24,31.2,2.73,0.85,0.12,0.38
Lewis Holtby,GER,MF,Holstein Kiel,33,25,13,1238,13.8,0,1,1,0,0,0,1,1,0.5,0.5,1.5,2.1,14,47,34,0.0,0.07,0.07,0.0,0.07,0.04,0.11,0.15,0.04,0.15,0.5,0,13,23,0,46,19,19,0,7,1,14.3,0.51,0.07,0.0,0.0
Gerrit Holtmann,PHI,"DF,FW",Bochum,29,23,12,1136,12.6,2,1,3,2,0,0,2,0,2.0,2.0,2.9,4.9,50,33,97,0.16,0.08,0.24,0.16,0.24,0.16,0.23,0.39,0.16,0.39,0.7,0,26,7,4,90,16,18,0,31,8,25.8,2.46,0.63,0.06,0.25
Franck Honorat,FRA,FW,Gladbach,27,19,18,1439,16.0,4,7,11,4,0,0,0,0,4.5,4.5,5.3,9.8,63,45,124,0.25,0.44,0.69,0.25,0.69,0.28,0.33,0.61,0.28,0.61,12.0,0,7,5,8,123,5,6,0,31,9,29.0,1.94,0.56,0.13,0.44
Mathias Honsak,AUT,"FW,DF",Heidenheim,27,22,12,1181,13.1,5,1,6,5,0,0,1,0,3.3,3.3,1.6,4.9,37,29,58,0.38,0.08,0.46,0.38,0.46,0.26,0.12,0.38,0.26,0.38,2.0,0,14,13,2,47,9,9,0,29,10,34.5,2.21,0.76,0.17,0.5
Timo Horn,GER,GK,Bochum,31,13,13,1170,13.0,0,0,0,0,0,0,2,0,0.0,0.0,0.0,0.0,0,1,0,0.0,0.0,0.0,0.0,0.0,0.0,0.0,0.0,0.0,0.0,0.8,0,0,2,0,0,0,0,0,0,0,0.0,0.0,0.0,0.0,0.0
Lukas Hradecky,FIN,GK,Leverkusen,34,29,29,2610,29.0,0,0,0,0,0,0,1,0,0.0,0.0,0.0,0.0,0,0,0,0.0,0.0,0.0,0.0,0.0,0.0,0.0,0.0,0.0,0.0,2.0,0,0,2,0,0,0,0,0,0,0,0.0,0.0,0.0,0.0,0.0
Robin Hranac,CZE,DF,Hoffenheim,24,4,2,219,2.4,0,0,0,0,0,0,0,0,0.0,0.0,0.0,0.0,2,4,0,0.0,0.0,0.0,0.0,0.0,0.0,0.0,0.0,0.0,0.0,3.5,0,5,0,0,0,5,0,0,0,0,0.0,0.0,0.0,0.0,0.0
Hong Hyunseok,KOR,MF,Mainz 05,25,23,4,530,5.9,0,1,1,0,0,0,0,0,0.5,0.5,1.5,1.9,10,23,31,0.0,0.17,0.17,0.0,0.17,0.08,0.25,0.33,0.08,0.33,3.5,0,3,8,1,4,7,3,0,5,2,40.0,0.85,0.34,0.0,0.0
Oscar Hojlund,DEN,MF,Eint Frankfurt,19,20,7,722,8.0,1,0,1,1,0,0,0,0,1.0,1.0,1.1,2.0,17,49,9,0.12,0.0,0.12,0.12,0.12,0.12,0.13,0.25,0.12,0.25,7.5,0,12,3,0,1,5,12,0,6,2,33.3,0.75,0.25,0.17,0.5
Arijon Ibrahimovic,GER,FW,Bayern Munich,18,1,0,1,0.0,0,0,0,0,0,0,0,0,0.0,0.0,0.0,0.0,0,0,0,0.0,0.0,0.0,0.0,0.0,0.0,0.0,0.0,0.0,0.0,4.0,0,0,0,0,0,0,0,0,0,0,0.0,0.0,0.0,0.0,0.0
Andrej Ilic,SRB,FW,Union Berlin,24,16,11,937,10.4,7,0,7,6,1,1,1,0,4.9,4.1,0.3,4.4,5,13,59,0.67,0.0,0.67,0.58,0.58,0.47,0.03,0.5,0.39,0.42,4.0,0,14,8,8,3,3,2,0,27,11,40.7,2.59,1.06,0.22,0.55
Jackson Irvine,AUS,MF,St. Pauli,31,29,29,2610,29.0,0,6,6,0,0,0,2,0,3.2,3.0,3.9,7.0,19,117,58,0.0,0.21,0.21,0.0,0.21,0.11,0.14,0.25,0.1,0.24,2.0,0,38,16,2,17,35,29,0,41,13,31.7,1.41,0.45,0.0,0.0
Ko Itakura,JPN,DF,Gladbach,27,31,31,2790,31.0,3,0,3,3,0,0,5,0,1.6,1.6,0.8,2.5,23,69,5,0.1,0.0,0.1,0.1,0.1,0.05,0.03,0.08,0.05,0.08,12.0,0,28,12,1,8,28,29,0,21,7,33.3,0.68,0.23,0.14,0.43
Hiroki Ito,JPN,DF,Bayern Munich,25,6,3,250,2.8,1,0,1,1,0,0,1,0,0.4,0.4,0.4,0.8,3,18,6,0.36,0.0,0.36,0.36,0.36,0.13,0.14,0.27,0.13,0.27,25.0,0,2,3,0,2,4,0,0,1,1,100.0,0.36,0.36,1.0,1.0
Marko Ivezic,SRB,DF,Holstein Kiel,22,23,18,1657,18.4,0,0,0,0,0,0,5,0,0.6,0.6,0.2,0.8,3,40,9,0.0,0.0,0.0,0.0,0.0,0.03,0.01,0.04,0.03,0.04,2.0,0,27,5,1,2,26,18,0,7,0,0.0,0.38,0.0,0.0,0.0
Lee Jae-sung,KOR,MF,Mainz 05,31,33,31,2650,29.4,7,6,13,7,0,0,4,0,5.3,5.3,5.0,10.3,28,105,165,0.24,0.2,0.44,0.24,0.44,0.18,0.17,0.35,0.18,0.35,2.5,0,23,40,9,31,37,24,0,39,16,41.0,1.32,0.54,0.18,0.44
Kristijan Jakic,CRO,MF,Augsburg,27,31,27,2306,25.6,0,1,1,0,0,0,2,0,0.8,0.8,1.2,2.0,24,106,49,0.0,0.04,0.04,0.0,0.04,0.03,0.05,0.08,0.03,0.08,6.5,0,22,28,3,14,29,24,0,18,6,33.3,0.7,0.23,0.0,0.0
Luca Jaquez,SUI,DF,Stuttgart,21,5,2,253,2.8,0,0,0,0,0,0,0,0,0.2,0.2,0.0,0.2,5,18,0,0.0,0.0,0.0,0.0,0.0,0.08,0.0,0.08,0.08,0.08,6.0,0,4,0,0,1,3,0,0,1,0,0.0,0.36,0.0,0.0,0.0
Dominik Javorcek,SVK,"DF,MF",Holstein Kiel,21,13,4,386,4.3,0,2,2,0,0,0,2,0,0.0,0.0,1.0,1.0,7,4,23,0.0,0.47,0.47,0.0,0.47,0.0,0.23,0.24,0.0,0.24,0.55,0,7,6,1,21,5,0,0,1,0,0.0,0.23,0.0,0.0,0.0
Finn Jeltsch,GER,DF,Stuttgart,18,12,9,780,8.7,0,0,0,0,0,0,2,0,0.1,0.1,0.1,0.1,8,31,5,0.0,0.0,0.0,0.0,0.0,0.01,0.01,0.02,0.01,0.02,20.0,0,7,5,0,3,13,14,0,2,0,0.0,0.23,0.0,0.0,0.0
Fredrik Jensen,FIN,MF,Augsburg,26,20,9,763,8.5,0,0,0,0,0,0,0,0,0.7,0.7,0.7,1.4,16,20,58,0.0,0.0,0.0,0.0,0.0,0.08,0.08,0.16,0.08,0.16,3.5,0,5,5,3,21,5,7,0,11,0,0.0,1.3,0.0,0.0,0.0
Moritz Jenz,GER,DF,Mainz 05,25,19,18,1600,17.8,0,0,0,0,0,0,4,0,1.6,1.6,0.3,1.8,1,47,3,0.0,0.0,0.0,0.0,0.0,0.09,0.01,0.1,0.09,0.1,5.0,0,27,6,1,0,29,23,0,10,4,40.0,0.56,0.23,0.0,0.0
Carl Johansson,SWE,DF,Holstein Kiel,30,10,7,568,6.3,0,0,0,0,0,0,0,1,0.0,0.0,0.4,0.5,0,12,0,0.0,0.0,0.0,0.0,0.0,0.01,0.06,0.07,0.01,0.07,0.5,0,5,4,0,0,11,2,0,1,1,100.0,0.16,0.16,0.0,0.0
Anthony Jung,GER,DF,Werder Bremen,32,28,20,1898,21.1,0,0,0,0,0,0,1,0,0.0,0.0,0.1,0.1,20,121,6,0.0,0.0,0.0,0.0,0.0,0.0,0.0,0.0,0.0,0.0,1.0,0,9,15,2,4,26,21,0,1,0,0.0,0.05,0.0,0.0,0.0
Josip Juranovic,CRO,"DF,MF",Union Berlin,28,17,13,1159,12.9,0,1,1,0,0,0,4,0,0.3,0.3,1.8,2.1,19,52,45,0.0,0.08,0.08,0.0,0.08,0.02,0.14,0.16,0.02,0.16,4.0,0,8,6,1,77,6,13,0,6,2,33.3,0.47,0.16,0.0,0.0
David Jurasek,CZE,DF,Hoffenheim,23,14,6,619,6.9,0,1,1,0,0,0,0,0,0.1,0.1,0.9,1.0,17,22,42,0.0,0.15,0.15,0.0,0.15,0.02,0.13,0.14,0.02,0.14,5.0,0,1,2,1,55,7,3,0,5,2,40.0,0.73,0.29,0.0,0.0
Yusuf Kabadayi,GER,"FW,MF",Augsburg,20,5,0,71,0.8,1,0,1,1,0,0,0,0,0.6,0.6,0.0,0.7,2,3,8,1.27,0.0,1.27,1.27,1.27,0.82,0.06,0.89,0.82,0.89,1.5,0,1,1,1,1,0,0,0,4,1,25.0,5.07,1.27,0.25,1.0
Almugera Kabar,GER,DF,Dortmund,18,5,1,137,1.5,0,0,0,0,0,0,2,1,0.0,0.0,0.5,0.5,5,6,2,0.0,0.0,0.0,0.0,0.0,0.0,0.36,0.36,0.0,0.36,1.0,1,2,2,0,1,1,3,0,0,0,0.0,0.0,0.0,0.0,0.0
Issa Kabore,BFA,"DF,FW",Werder Bremen,23,9,3,308,3.4,0,0,0,0,0,0,0,0,0.7,0.7,0.8,1.5,15,8,35,0.0,0.0,0.0,0.0,0.0,0.2,0.25,0.45,0.2,0.45,4.0,0,4,8,1,19,2,5,0,7,0,0.0,2.05,0.0,0.0,0.0
Pavel Kaderabek,CZE,DF,Hoffenheim,32,24,18,1576,17.5,2,0,2,2,0,0,6,0,0.8,0.8,2.0,2.7,15,47,86,0.11,0.0,0.11,0.11,0.11,0.04,0.11,0.16,0.04,0.16,1.7,0,21,8,4,73,21,14,0,14,3,21.4,0.8,0.17,0.14,0.67
Jakub Kaminski,POL,"DF,MF",Wolfsburg,22,22,12,1130,12.6,0,2,2,0,0,0,2,0,0.9,0.9,3.3,4.2,41,40,69,0.0,0.16,0.16,0.0,0.16,0.07,0.26,0.34,0.07,0.34,5.0,0,10,3,0,52,11,9,1,15,3,20.0,1.19,0.24,0.0,0.0
Kevin Kampl,SVN,MF,RB Leipzig,33,26,18,1593,17.7,1,0,1,1,0,0,5,0,0.8,0.8,1.4,2.2,21,106,32,0.06,0.0,0.06,0.06,0.06,0.05,0.08,0.13,0.05,0.13,2.5,0,20,7,1,29,22,20,0,7,2,28.6,0.4,0.11,0.14,0.5
Harry Kane,ENG,FW,Bayern Munich,31,31,28,2381,26.5,26,9,35,17,9,9,5,0,20.3,13.3,5.3,18.6,29,97,143,0.98,0.34,1.32,0.64,0.98,0.77,0.2,0.97,0.5,0.7,75.0,0,9,21,16,14,4,10,0,114,54,47.4,4.31,2.04,0.15,0.31
Atakan Karazor,,MF,Stuttgart,27,32,31,2618,29.1,2,4,6,2,0,0,10,1,2.3,2.0,2.6,4.6,19,140,33,0.07,0.14,0.21,0.07,0.21,0.08,0.09,0.17,0.07,0.16,12.0,1,37,59,2,4,33,32,0,14,7,50.0,0.48,0.24,0.14,0.29
Mikkel Kaufmann,DEN,FW,Heidenheim,23,9,3,372,4.1,0,0,0,0,0,0,2,0,0.5,0.5,0.1,0.6,4,10,21,0.0,0.0,0.0,0.0,0.0,0.13,0.03,0.15,0.13,0.15,1.2,0,5,14,0,2,2,4,0,3,3,100.0,0.73,0.73,0.0,0.0
Yannik Keitel,GER,MF,Stuttgart,24,11,2,270,3.0,0,0,0,0,0,0,1,0,0.5,0.5,0.0,0.6,2,11,3,0.0,0.0,0.0,0.0,0.0,0.18,0.01,0.19,0.18,0.19,3.5,0,2,6,0,2,4,6,0,5,2,40.0,1.67,0.67,0.0,0.0
Andu Kelati,GER,"MF,DF",Holstein Kiel,21,8,2,288,3.2,1,1,2,1,0,0,2,1,0.9,0.9,0.8,1.7,3,19,11,0.31,0.31,0.62,0.31,0.62,0.27,0.26,0.53,0.27,0.53,0.8,1,4,5,0,6,3,4,0,6,3,50.0,1.87,0.94,0.17,0.33
Thomas Keller,GER,"DF,MF",Heidenheim,24,6,2,148,1.6,0,0,0,0,0,0,2,0,0.0,0.0,0.0,0.0,0,6,0,0.0,0.0,0.0,0.0,0.0,0.01,0.0,0.01,0.01,0.01,0.5,0,6,4,0,0,4,5,0,1,0,0.0,0.61,0.0,0.0,0.0
Aljoscha Kemlein,GER,MF,Union Berlin,19,15,11,922,10.2,1,0,1,1,0,0,3,0,0.9,0.9,0.6,1.5,5,42,19,0.1,0.0,0.1,0.1,0.1,0.09,0.06,0.15,0.09,0.15,7.0,0,15,2,1,5,7,5,0,11,3,27.3,1.07,0.29,0.09,0.33
Luca Kerber,GER,"MF,DF",Heidenheim,22,23,7,783,8.7,2,0,2,2,0,0,4,0,0.6,0.6,0.7,1.3,1,16,12,0.23,0.0,0.23,0.23,0.23,0.07,0.08,0.15,0.07,0.15,1.5,0,22,8,0,3,5,16,0,7,5,71.4,0.8,0.57,0.29,0.4
Rani Khedira,GER,MF,Union Berlin,30,32,31,2723,30.3,1,1,2,1,0,0,7,0,1.4,1.4,0.6,2.1,12,80,34,0.03,0.03,0.07,0.03,0.07,0.05,0.02,0.07,0.05,0.07,2.5,0,44,19,1,22,47,42,0,14,1,7.1,0.46,0.03,0.07,1.0
Joshua Kimmich,GER,MF,Bayern Munich,29,33,32,2847,31.6,3,7,10,3,0,0,4,0,1.8,1.8,7.4,9.2,51,362,77,0.09,0.22,0.32,0.09,0.32,0.06,0.24,0.29,0.06,0.29,45.0,0,15,27,2,177,22,28,0,34,10,29.4,1.07,0.32,0.09,0.3
Tim Kleindienst,GER,FW,Gladbach,28,31,31,2737,30.4,16,7,23,15,1,2,5,1,13.6,11.9,6.2,18.0,45,63,145,0.53,0.23,0.76,0.49,0.72,0.45,0.2,0.65,0.39,0.59,17.0,1,75,25,23,15,13,15,0,75,39,52.0,2.47,1.28,0.2,0.38
Lukas Klostermann,GER,DF,RB Leipzig,28,28,20,1838,20.4,1,0,1,1,0,0,5,0,0.3,0.3,0.1,0.4,16,83,26,0.05,0.0,0.05,0.05,0.05,0.02,0.01,0.02,0.02,0.02,8.0,0,13,7,0,12,25,14,0,4,2,50.0,0.2,0.1,0.25,0.5
Ansgar Knauff,GER,"MF,DF",Eint Frankfurt,22,30,18,1597,17.7,4,5,9,4,0,0,3,0,4.9,4.9,5.2,10.0,53,58,146,0.23,0.28,0.51,0.23,0.51,0.28,0.29,0.57,0.28,0.57,15.0,0,27,28,11,32,11,22,0,30,12,40.0,1.69,0.68,0.13,0.33
Magnus Knudsen,NOR,MF,Holstein Kiel,23,31,22,1850,20.6,0,1,1,0,0,0,7,0,0.7,0.7,1.3,2.0,16,54,25,0.0,0.05,0.05,0.0,0.05,0.03,0.06,0.1,0.03,0.1,2.5,0,27,10,0,7,10,30,0,12,4,33.3,0.58,0.19,0.0,0.0
Gregor Kobel,SUI,GK,Dortmund,26,32,32,2880,32.0,0,0,0,0,0,0,1,0,0.0,0.0,0.0,0.0,0,1,0,0.0,0.0,0.0,0.0,0.0,0.0,0.0,0.0,0.0,0.0,40.0,0,0,2,0,0,2,0,0,0,0,0.0,0.0,0.0,0.0,0.0
Robin Koch,GER,DF,Eint Frankfurt,28,30,30,2586,28.7,3,0,3,3,0,0,3,0,1.7,1.7,0.2,2.0,9,93,4,0.1,0.0,0.1,0.1,0.1,0.06,0.01,0.07,0.06,0.07,18.0,0,23,13,1,1,25,11,0,17,6,35.3,0.59,0.21,0.18,0.5
Derrick Kohn,GHA,"DF,FW",Werder Bremen,25,27,14,1343,14.9,2,2,4,2,0,0,2,0,0.7,0.7,1.6,2.4,36,39,122,0.13,0.13,0.27,0.13,0.27,0.05,0.11,0.16,0.05,0.16,5.0,0,14,19,4,56,11,12,0,13,4,30.8,0.87,0.27,0.15,0.5
Dominik Kohr,GER,"DF,MF",Mainz 05,30,28,28,2295,25.5,2,0,2,2,0,0,11,1,1.6,1.6,0.6,2.1,26,101,31,0.08,0.0,0.08,0.08,0.08,0.06,0.02,0.08,0.06,0.08,3.5,0,46,36,1,14,42,46,0,13,5,38.5,0.51,0.2,0.15,0.4
Marco Komenda,CRO,DF,Holstein Kiel,27,19,17,1307,14.5,0,0,0,0,0,0,3,0,0.1,0.1,0.8,0.9,13,53,16,0.0,0.0,0.0,0.0,0.0,0.01,0.06,0.06,0.01,0.06,0.8,0,16,13,0,15,7,17,0,3,0,0.0,0.21,0.0,0.0,0.0
Mert Komur,GER,MF,Augsburg,19,20,5,654,7.3,2,1,3,2,0,0,1,0,1.1,1.1,1.5,2.6,18,11,46,0.28,0.14,0.41,0.28,0.41,0.16,0.2,0.36,0.16,0.36,5.0,0,7,12,3,26,2,2,0,13,7,53.8,1.79,0.96,0.15,0.29
Kacper Koscierski,GER,DF,Bochum,17,1,0,7,0.1,0,0,0,0,0,0,0,0,0.0,0.0,0.0,0.0,0,0,0,0.0,0.0,0.0,0.0,0.0,0.0,0.0,0.0,0.0,0.0,0.2,0,0,0,0,0,0,0,0,0,0,0.0,0.0,0.0,0.0,0.0
Henri Koudossou,GER,DF,Augsburg,24,21,4,748,8.3,0,0,0,0,0,0,1,0,0.1,0.1,0.8,0.9,19,23,48,0.0,0.0,0.0,0.0,0.0,0.01,0.09,0.1,0.01,0.1,2.0,0,7,5,2,24,14,9,0,2,0,0.0,0.24,0.0,0.0,0.0
Konstantinos Koulierakis,GRE,DF,Wolfsburg,20,30,28,2468,27.4,0,2,2,0,0,0,4,0,1.0,1.0,1.0,1.9,20,104,8,0.0,0.07,0.07,0.0,0.07,0.03,0.04,0.07,0.03,0.07,25.0,0,24,13,2,13,32,22,0,22,3,13.6,0.8,0.11,0.0,0.0
Matej Kovar,CZE,GK,Leverkusen,24,5,5,450,5.0,0,0,0,0,0,0,0,0,0.0,0.0,0.0,0.0,0,0,0,0.0,0.0,0.0,0.0,0.0,0.0,0.0,0.0,0.0,0.0,5.0,0,0,1,0,0,0,0,0,0,0,0.0,0.0,0.0,0.0,0.0
Andrej Kramaric,CRO,"MF,FW",Hoffenheim,33,32,32,2767,30.7,11,8,19,8,3,3,4,0,11.8,9.5,4.3,13.7,75,143,202,0.36,0.26,0.62,0.26,0.52,0.38,0.14,0.52,0.31,0.45,4.0,0,12,28,9,116,9,8,0,69,26,37.7,2.24,0.85,0.12,0.31
Frans Kratzig,GER,DF,Stuttgart,21,17,16,1273,14.1,1,2,3,1,0,0,1,0,0.6,0.6,1.8,2.5,25,39,59,0.07,0.14,0.21,0.07,0.21,0.04,0.13,0.17,0.04,0.18,3.5,0,8,4,4,39,18,19,0,9,3,33.33,0.64,0.21,0.11,0.33
Tom Krauss,GER,MF,Bochum,23,14,13,1077,12.0,0,0,0,0,0,0,2,0,0.4,0.4,0.7,1.1,16,84,20,0.0,0.0,0.0,0.0,0.0,0.03,0.06,0.09,0.03,0.09,4.0,0,14,16,0,10,11,17,0,11,2,18.2,0.92,0.17,0.0,0.0
Rasmus Kristensen,DEN,DF,Eint Frankfurt,27,30,28,2513,27.9,5,3,8,5,0,0,4,0,2.5,2.5,3.1,5.6,51,172,162,0.18,0.11,0.29,0.18,0.29,0.09,0.11,0.2,0.09,0.2,14.0,0,25,12,0,60,20,37,0,24,8,33.3,0.86,0.29,0.21,0.63
Lukas Kubler,GER,DF,Freiburg,31,28,22,1842,20.5,5,1,6,5,0,0,5,0,2.7,2.7,0.8,3.5,24,78,49,0.24,0.05,0.29,0.24,0.29,0.13,0.04,0.17,0.13,0.17,1.5,0,25,23,1,30,48,20,0,18,11,61.1,0.88,0.54,0.28,0.45
Jonah Kusi-Asare,SWE,FW,Bayern Munich,17,1,0,3,0.0,0,0,0,0,0,0,0,0,0.0,0.0,0.0,0.0,0,0,0,0.0,0.0,0.0,0.0,0.0,1.12,0.0,1.12,1.12,1.12,2.5,0,0,0,0,0,0,0,0,1,0,0.0,30.0,0.0,0.0,0.0
Moritz-Broni Kwarteng,GHA,"MF,FW",Bochum,26,7,0,172,1.9,0,0,0,0,0,0,1,0,0.2,0.2,0.2,0.4,4,12,16,0.0,0.0,0.0,0.0,0.0,0.1,0.09,0.19,0.1,0.19,1.0,0,3,1,0,1,0,3,0,6,1,16.7,3.14,0.52,0.0,0.0
Nediljko Labrovic,CRO,GK,Augsburg,24,15,15,1350,15.0,0,0,0,0,0,0,0,0,0.0,0.0,0.0,0.0,0,0,0,0.0,0.0,0.0,0.0,0.0,0.0,0.0,0.0,0.0,0.0,2.5,0,0,2,0,0,0,0,0,0,0,0.0,0.0,0.0,0.0,0.0
Konrad Laimer,AUT,DF,Bayern Munich,27,29,19,1699,18.9,2,2,4,2,0,0,8,0,2.1,2.1,2.7,4.8,87,141,113,0.11,0.11,0.21,0.11,0.21,0.11,0.14,0.25,0.11,0.25,25.0,0,35,12,1,21,5,24,0,18,6,33.3,0.95,0.32,0.11,0.33
Stefan Lainer,AUT,DF,Gladbach,31,21,6,757,8.4,1,0,1,1,0,0,2,0,0.3,0.3,1.0,1.3,25,25,32,0.12,0.0,0.12,0.12,0.12,0.04,0.12,0.15,0.04,0.15,1.2,0,11,6,3,29,12,13,1,4,1,25.0,0.48,0.12,0.25,1.0
Hugo Larsson,SWE,MF,Eint Frankfurt,20,33,28,2393,26.6,3,1,4,3,0,0,2,0,3.1,3.1,2.1,5.2,16,121,33,0.11,0.04,0.15,0.11,0.15,0.12,0.08,0.19,0.12,0.19,40.0,0,21,5,2,8,33,29,0,21,10,47.6,0.79,0.38,0.14,0.3
Diogo Leite,POR,DF,Union Berlin,25,30,29,2546,28.3,1,2,3,1,0,0,3,0,1.4,1.4,1.0,2.4,20,116,16,0.04,0.07,0.11,0.04,0.11,0.05,0.04,0.08,0.05,0.08,17.0,0,25,37,2,9,53,34,1,18,8,44.4,0.64,0.28,0.06,0.13
Maxim Leitsch,GER,DF,Mainz 05,26,14,6,674,7.5,1,0,1,1,0,0,2,0,1.2,1.2,0.2,1.4,4,25,5,0.13,0.0,0.13,0.13,0.13,0.16,0.03,0.19,0.16,0.19,1.5,0,10,4,0,3,8,4,0,6,1,16.7,0.8,0.13,0.17,1.0
Jamie Leweling,GER,"MF,FW",Stuttgart,23,27,22,1663,18.5,2,2,4,2,0,0,4,0,1.6,1.6,3.8,5.4,55,51,164,0.11,0.11,0.22,0.11,0.22,0.08,0.21,0.29,0.08,0.29,20.0,0,17,29,4,57,11,7,0,29,16,55.2,1.57,0.87,0.07,0.13
Philipp Lienhart,AUT,DF,Freiburg,28,32,31,2770,30.8,1,0,1,1,0,0,5,0,0.5,0.5,0.8,1.2,44,138,9,0.03,0.0,0.03,0.03,0.03,0.02,0.02,0.04,0.02,0.04,12.0,0,22,19,3,8,31,13,0,8,1,12.5,0.26,0.03,0.13,1.0
Marin Ljubicic,CRO,"FW,MF",Union Berlin,22,13,1,281,3.1,1,1,2,1,0,0,1,0,0.4,0.4,0.6,1.1,1,6,19,0.32,0.32,0.64,0.32,0.64,0.14,0.2,0.34,0.14,0.34,4.0,0,9,8,1,1,0,1,0,2,1,50.0,0.64,0.32,0.5,1.0
Anthony Losilla,FRA,MF,Bochum,38,21,13,1137,12.6,0,0,0,0,0,0,1,0,0.1,0.1,0.4,0.5,3,45,11,0.0,0.0,0.0,0.0,0.0,0.01,0.03,0.04,0.01,0.04,0.5,0,18,9,1,4,18,15,0,5,0,0.0,0.4,0.0,0.0,0.0
Yannik Luhrs,GER,DF,Dortmund,20,3,1,127,1.4,0,0,0,0,0,0,0,0,0.0,0.0,0.0,0.0,2,1,1,0.0,0.0,0.0,0.0,0.0,0.0,0.03,0.03,0.0,0.03,0.6,0,2,0,0,0,1,1,0,0,0,0.0,0.0,0.0,0.0,0.0
Castello Lukeba,FRA,DF,RB Leipzig,21,23,18,1577,17.5,0,0,0,0,0,0,2,0,0.4,0.4,0.2,0.6,18,80,23,0.0,0.0,0.0,0.0,0.0,0.02,0.01,0.04,0.02,0.04,40.0,0,12,15,0,11,18,18,0,4,1,25.0,0.23,0.06,0.0,0.0
Senne Lynen,BEL,MF,Werder Bremen,25,32,32,2733,30.4,0,1,1,0,0,0,9,0,1.1,1.1,0.6,1.7,9,91,28,0.0,0.03,0.03,0.0,0.03,0.04,0.02,0.06,0.04,0.06,9.0,0,39,25,0,5,64,38,0,24,3,12.5,0.79,0.1,0.0,0.0
Shuto Machino,JPN,"FW,MF",Holstein Kiel,24,32,23,1953,21.7,11,2,13,9,2,2,2,0,6.5,4.9,3.0,7.9,30,59,108,0.51,0.09,0.6,0.41,0.51,0.3,0.14,0.44,0.23,0.36,5.0,0,20,25,9,33,7,5,0,51,23,45.1,2.35,1.06,0.18,0.39
Arne Maier,GER,MF,Augsburg,25,28,7,938,10.4,0,0,0,0,0,0,0,1,1.5,1.5,1.5,3.0,19,44,56,0.0,0.0,0.0,0.0,0.0,0.15,0.14,0.29,0.15,0.29,4.0,0,9,7,0,68,6,6,0,18,6,33.3,1.73,0.58,0.0,0.0
Patrick Mainka,GER,DF,Heidenheim,29,34,34,3060,34.0,1,1,2,1,0,0,3,0,1.9,1.9,0.3,2.3,21,102,12,0.03,0.03,0.06,0.03,0.06,0.06,0.01,0.07,0.06,0.07,3.0,0,17,21,2,5,65,32,0,25,9,36.0,0.74,0.26,0.04,0.11
Lovro Majer,CRO,MF,Wolfsburg,26,9,3,304,3.4,2,1,3,1,1,1,1,0,1.4,0.6,1.1,1.7,8,17,10,0.59,0.3,0.89,0.3,0.59,0.41,0.31,0.72,0.18,0.49,17.0,0,6,6,0,16,1,2,0,7,5,71.4,2.07,1.48,0.14,0.2
Jordy Makengo,FRA,DF,Freiburg,22,19,7,745,8.3,0,0,0,0,0,0,1,0,0.0,0.0,0.2,0.2,9,15,35,0.0,0.0,0.0,0.0,0.0,0.0,0.03,0.03,0.0,0.03,6.0,0,5,6,2,25,6,9,0,0,0,0.0,0.0,0.0,0.0,0.0
Jarzinho Malanga,GER,DF,Stuttgart,18,1,0,2,0.0,0,0,0,0,0,0,0,0,0.0,0.0,0.0,0.0,0,0,2,0.0,0.0,0.0,0.0,0.0,0.0,0.0,0.0,0.0,0.0,1.7,0,0,0,0,0,0,0,0,0,0,0.0,0.0,0.0,0.0,0.0
Julian Malatini,ARG,DF,Werder Bremen,23,10,5,454,5.0,1,1,2,1,0,0,1,0,0.2,0.2,0.5,0.7,8,24,4,0.2,0.2,0.4,0.2,0.4,0.05,0.09,0.14,0.05,0.14,2.5,0,9,5,0,3,7,9,0,3,1,33.3,0.59,0.2,0.33,1.0
Donyell Malen,NED,"FW,MF",Dortmund,25,14,6,614,6.8,3,0,3,3,0,0,1,0,2.9,2.9,0.2,3.2,23,17,75,0.44,0.0,0.44,0.44,0.44,0.43,0.03,0.46,0.43,0.46,25.0,0,2,7,3,13,3,0,0,19,6,31.6,2.79,0.88,0.16,0.5
Lennard Maloney,USA,MF,Mainz 05,24,16,10,786,8.700000000000001,0,0,0,0,0,0,2,0,0.3,0.3,0.0,0.4,2,14,0,0.0,0.0,0.0,0.0,0.0,0.03,0.0,0.03,0.03,0.05,3.5,0,13,4,1,0,13,14,0,3,0,0.0,0.34,0.0,0.0,0.0
Johan Manzambi,SUI,"FW,MF",Freiburg,18,11,4,335,3.7,2,1,3,2,0,0,2,0,1.3,1.3,0.4,1.8,7,10,12,0.54,0.27,0.81,0.54,0.81,0.36,0.12,0.47,0.36,0.47,8.0,0,7,7,0,5,4,3,0,11,3,27.3,2.96,0.81,0.18,0.67
Omar Marmoush,EGY,FW,Eint Frankfurt,25,17,17,1448,16.1,15,9,24,13,2,2,2,0,8.8,7.3,6.2,13.5,73,50,125,0.93,0.56,1.49,0.81,1.37,0.55,0.39,0.94,0.45,0.84,75.0,0,9,55,7,78,4,9,0,77,36,46.8,4.79,2.24,0.17,0.36
Giorgos Masouras,GRE,"FW,MF",Bochum,30,14,12,1055,11.7,2,1,3,2,0,0,1,0,3.9,3.9,1.1,5.0,26,19,82,0.17,0.09,0.26,0.17,0.26,0.33,0.09,0.43,0.33,0.43,2.0,0,12,10,15,27,4,10,0,30,15,50.0,2.56,1.28,0.07,0.13
Erhan Masovic,SRB,DF,Bochum,25,16,10,910,10.1,1,1,2,1,0,0,2,0,0.6,0.6,0.9,1.5,1,35,4,0.1,0.1,0.2,0.1,0.2,0.06,0.09,0.15,0.06,0.15,2.0,0,12,4,0,0,12,10,0,7,4,57.1,0.69,0.4,0.14,0.25
Igor Matanovic,CRO,FW,Eint Frankfurt,21,16,2,312,3.5,1,0,1,1,0,0,0,0,1.1,1.1,0.0,1.2,2,6,19,0.29,0.0,0.29,0.29,0.29,0.33,0.01,0.34,0.33,0.34,5.0,0,6,11,1,0,1,0,0,11,5,45.5,3.17,1.44,0.09,0.2
Chrislain Matsima,FRA,DF,Augsburg,22,30,28,2551,28.3,1,1,2,1,0,0,4,0,1.8,1.8,0.3,2.1,14,84,13,0.04,0.04,0.07,0.04,0.07,0.06,0.01,0.07,0.06,0.07,22.0,0,11,10,1,3,50,21,1,14,2,14.3,0.49,0.07,0.07,0.5
Jean Matteo Bahoya,FRA,"MF,FW",Eint Frankfurt,19,24,10,921,10.2,2,3,5,2,0,0,3,0,1.9,1.9,1.7,3.6,24,28,93,0.2,0.29,0.49,0.2,0.49,0.18,0.17,0.35,0.18,0.35,17.0,0,9,7,2,31,3,19,0,10,3,30.0,0.98,0.29,0.2,0.67
Maurides,BRA,FW,St. Pauli,30,1,0,2,0.0,0,0,0,0,0,0,0,0,0.0,0.0,0.0,0.0,0,0,0,0.0,0.0,0.0,0.0,0.0,0.0,0.0,0.0,0.0,0.0,0.35,0,0,0,0,0,0,0,0,0,0,0.0,0.0,0.0,0.0,0.0
Jakov Medic,CRO,DF,Bochum,25,23,17,1603,17.8,1,0,1,1,0,0,2,0,0.9,0.9,0.2,1.0,2,27,3,0.06,0.0,0.06,0.06,0.06,0.05,0.01,0.06,0.05,0.06,2.0,0,10,7,2,1,22,10,0,14,3,21.4,0.79,0.17,0.07,0.33
Connor Metcalfe,AUS,"MF,FW",St. Pauli,24,10,3,358,4.0,0,0,0,0,0,0,2,1,0.7,0.7,0.2,0.9,6,8,11,0.0,0.0,0.0,0.0,0.0,0.18,0.04,0.22,0.18,0.22,2.5,1,5,4,0,7,3,0,0,6,3,50.0,1.51,0.75,0.0,0.0
Karol Mets,EST,DF,St. Pauli,31,10,10,900,10.0,0,0,0,0,0,0,1,0,0.1,0.1,0.2,0.3,5,54,2,0.0,0.0,0.0,0.0,0.0,0.01,0.02,0.03,0.01,0.03,1.3,0,7,5,0,3,11,8,0,3,0,0.0,0.3,0.0,0.0,0.0
Alexander Meyer,GER,GK,Dortmund,33,2,2,180,2.0,0,0,0,0,0,0,0,0,0.0,0.0,0.1,0.1,0,0,0,0.0,0.0,0.0,0.0,0.0,0.0,0.06,0.06,0.0,0.06,0.8,0,0,0,0,0,0,0,0,0,0,0.0,0.0,0.0,0.0,0.0
Florian Micheler,AUT,MF,Hoffenheim,19,1,0,32,0.4,0,0,0,0,0,0,1,0,0.0,0.0,0.0,0.0,1,1,1,0.0,0.0,0.0,0.0,0.0,0.0,0.0,0.0,0.0,0.0,0.5,0,1,0,0,0,0,0,0,0,0,0.0,0.0,0.0,0.0,0.0
Enzo Millot,FRA,"MF,FW",Stuttgart,22,29,22,1843,20.5,6,5,11,6,0,1,9,0,7.6,6.7,3.1,9.8,44,118,123,0.29,0.24,0.54,0.29,0.54,0.37,0.15,0.52,0.33,0.48,35.0,0,25,37,3,41,13,13,0,44,19,43.2,2.15,0.93,0.14,0.32
Kim Min-jae,KOR,DF,Bayern Munich,27,27,27,2283,25.4,2,0,2,2,0,0,2,0,1.6,1.6,0.3,1.9,16,181,5,0.08,0.0,0.08,0.08,0.08,0.06,0.01,0.08,0.06,0.08,40.0,0,25,4,0,0,33,17,0,7,5,71.4,0.28,0.2,0.29,0.4
Maximilian Mittelstadt,GER,DF,Stuttgart,27,31,28,2469,27.4,1,7,8,1,0,0,5,0,0.9,0.9,4.7,5.6,62,182,155,0.04,0.26,0.29,0.04,0.29,0.03,0.17,0.2,0.03,0.2,20.0,0,24,38,2,166,47,55,0,21,4,19.0,0.77,0.15,0.05,0.25
Koji Miyoshi,JPN,"FW,MF",Bochum,27,15,6,464,5.2,1,0,1,1,0,0,0,1,1.1,1.1,0.8,1.9,11,15,23,0.19,0.0,0.19,0.19,0.19,0.21,0.15,0.36,0.21,0.36,1.5,0,10,4,2,9,2,5,0,12,5,41.7,2.33,0.97,0.08,0.2
Max Moerstedt,GER,FW,Hoffenheim,18,12,5,451,5.0,0,0,0,0,0,0,2,0,0.8,0.8,0.6,1.3,6,10,36,0.0,0.0,0.0,0.0,0.0,0.15,0.12,0.27,0.15,0.27,7.0,0,6,10,1,0,0,3,0,12,4,33.3,2.39,0.8,0.0,0.0
David Mokwa,FRA,"DF,FW",Hoffenheim,20,2,0,22,0.2,0,0,0,0,0,0,0,0,0.3,0.3,0.0,0.3,0,0,0,0.0,0.0,0.0,0.0,0.0,1.21,0.0,1.21,1.21,1.21,1.0,0,1,0,0,0,0,0,0,2,2,100.0,8.18,8.18,0.0,0.0
Steve Mounie,BEN,"FW,MF",Augsburg,29,16,1,347,3.9,1,0,1,1,0,0,2,0,3.2,3.2,0.0,3.2,8,11,27,0.26,0.0,0.26,0.26,0.26,0.82,0.01,0.83,0.82,0.83,2.0,0,9,5,1,3,1,4,0,22,8,36.4,5.71,2.07,0.05,0.13
Nordi Mukiele,FRA,DF,Leverkusen,26,15,10,899,10.0,1,0,1,1,0,0,4,0,1.4,1.4,1.0,2.4,20,36,28,0.1,0.0,0.1,0.1,0.1,0.14,0.1,0.24,0.14,0.24,10.0,0,6,14,1,13,16,17,1,7,3,42.9,0.7,0.3,0.14,0.33
Florian Muller,GER,GK,Freiburg,26,9,8,753,8.4,0,0,0,0,0,0,0,0,0.0,0.0,0.0,0.0,0,0,0,0.0,0.0,0.0,0.0,0.0,0.0,0.0,0.0,0.0,0.0,1.2,0,0,1,0,0,0,0,0,0,0,0.0,0.0,0.0,0.0,0.0
Kevin Muller,GER,GK,Heidenheim,33,33,33,2939,32.7,0,0,0,0,0,0,0,0,0.0,0.0,0.0,0.0,0,1,0,0.0,0.0,0.0,0.0,0.0,0.0,0.0,0.0,0.0,0.0,0.7,0,0,3,0,0,0,1,0,0,0,0.0,0.0,0.0,0.0,0.0
Marius Muller,GER,GK,Wolfsburg,31,6,5,475,5.3,0,0,0,0,0,0,0,0,0.0,0.0,0.0,0.0,0,0,0,0.0,0.0,0.0,0.0,0.0,0.0,0.0,0.0,0.0,0.0,1.5,0,0,0,0,0,0,0,0,0,0,0.0,0.0,0.0,0.0,0.0
Thomas Muller,GER,"MF,FW",Bayern Munich,34,30,12,1225,13.6,1,4,5,1,0,0,3,0,3.8,3.8,2.9,6.7,24,50,143,0.07,0.29,0.37,0.07,0.37,0.28,0.21,0.49,0.28,0.49,6.0,0,14,12,3,46,2,6,0,30,11,36.7,2.2,0.81,0.03,0.09
Jamal Musiala,GER,MF,Bayern Munich,21,25,21,1798,20.0,12,2,14,12,0,0,3,0,9.3,9.3,4.5,13.8,71,107,156,0.6,0.1,0.7,0.6,0.7,0.46,0.23,0.69,0.46,0.69,140.0,0,20,55,2,8,7,21,0,68,32,47.1,3.4,1.6,0.18,0.38
Florent Muslija,KVX,"FW,MF",Freiburg,26,9,0,168,1.9,0,0,0,0,0,0,0,0,0.3,0.3,0.3,0.6,5,7,14,0.0,0.0,0.0,0.0,0.0,0.14,0.16,0.3,0.14,0.3,1.8,0,0,2,0,14,2,4,0,3,2,66.7,1.61,1.07,0.0,0.0
Phillipp Mwene,AUT,DF,Mainz 05,30,32,32,2607,29.0,1,4,5,1,0,0,7,0,1.5,1.5,1.9,3.4,62,106,144,0.03,0.14,0.17,0.03,0.17,0.05,0.06,0.12,0.05,0.12,1.8,0,24,24,3,86,24,30,0,21,5,23.8,0.72,0.17,0.05,0.2
Joakim Maehle,DEN,DF,Wolfsburg,27,28,25,2188,24.3,3,4,7,3,0,0,6,0,2.0,2.0,2.2,4.3,59,88,117,0.12,0.16,0.29,0.12,0.29,0.08,0.09,0.18,0.08,0.18,14.0,0,9,16,0,25,26,14,0,18,7,38.9,0.74,0.29,0.17,0.43
Nathan N'Goumou,CMR,FW,Gladbach,24,19,9,828,9.2,2,1,3,2,0,0,0,0,1.9,1.9,1.3,3.2,30,16,85,0.22,0.11,0.33,0.22,0.33,0.2,0.14,0.34,0.2,0.34,4.0,0,7,12,7,21,4,11,0,24,13,54.2,2.61,1.41,0.08,0.15
Stanley N'Soki,FRA,DF,Hoffenheim,25,22,16,1308,14.5,0,0,0,0,0,0,3,1,0.1,0.1,0.4,0.5,10,52,6,0.0,0.0,0.0,0.0,0.0,0.01,0.03,0.03,0.01,0.03,2.5,0,12,6,0,1,28,18,2,3,1,33.3,0.21,0.07,0.0,0.0
Nikolas Nartey,DEN,MF,Stuttgart,24,1,0,22,0.2,0,0,0,0,0,0,0,0,0.0,0.0,0.0,0.0,0,0,0,0.0,0.0,0.0,0.0,0.0,0.0,0.0,0.0,0.0,0.0,0.4,0,0,0,0,0,0,0,0,0,0,0.0,0.0,0.0,0.0,0.0
Paul Nebel,GER,MF,Mainz 05,21,31,26,2345,26.1,10,4,14,10,0,0,5,1,5.8,5.8,4.1,9.8,67,91,219,0.38,0.15,0.54,0.38,0.54,0.22,0.16,0.38,0.22,0.38,24.0,1,37,38,5,111,14,27,0,44,18,40.9,1.69,0.69,0.23,0.56
Kosta Nedeljkovic,SRB,DF,RB Leipzig,18,10,6,479,5.3,0,0,0,0,0,0,1,0,0.5,0.5,0.3,0.7,10,16,27,0.0,0.0,0.0,0.0,0.0,0.09,0.05,0.14,0.09,0.14,10.0,0,7,1,1,17,2,8,0,4,0,0.0,0.75,0.0,0.0,0.0
Ivan Nekic,CRO,DF,Holstein Kiel,23,1,1,71,0.8,0,0,0,0,0,0,0,0,0.0,0.0,0.0,0.0,0,2,0,0.0,0.0,0.0,0.0,0.0,0.0,0.0,0.0,0.0,0.0,0.8,0,1,0,0,0,3,1,0,0,0,0.0,0.0,0.0,0.0,0.0
David Nemeth,AUT,DF,St. Pauli,23,24,24,2137,23.7,0,1,1,0,0,0,3,0,0.2,0.2,0.1,0.3,14,65,5,0.0,0.04,0.04,0.0,0.04,0.01,0.01,0.01,0.01,0.01,4.0,0,21,14,0,7,18,29,0,5,1,20.0,0.21,0.04,0.0,0.0
Luca Netz,GER,DF,Gladbach,21,24,8,969,10.8,0,2,2,0,0,0,2,0,0.2,0.2,1.9,2.1,16,28,55,0.0,0.19,0.19,0.0,0.19,0.02,0.18,0.2,0.02,0.2,6.0,0,8,6,1,16,10,14,0,3,0,0.0,0.28,0.0,0.0,0.0
Manuel Neuer,GER,GK,Bayern Munich,38,22,22,1980,22.0,0,0,0,0,0,0,0,0,0.0,0.0,0.5,0.5,0,10,0,0.0,0.0,0.0,0.0,0.0,0.0,0.02,0.02,0.0,0.02,4.0,0,0,1,0,0,0,0,0,0,0,0.0,0.0,0.0,0.0,0.0
Florian Neuhaus,GER,MF,Gladbach,27,18,2,382,4.2,0,1,1,0,0,0,1,0,0.6,0.6,0.3,0.9,10,27,8,0.0,0.24,0.24,0.0,0.24,0.14,0.08,0.22,0.14,0.22,3.5,0,4,7,0,8,6,3,0,9,3,33.3,2.12,0.71,0.0,0.0
Moritz Nicolas,GER,GK,Gladbach,26,19,19,1639,18.2,0,0,0,0,0,0,0,0,0.0,0.0,0.0,0.0,0,0,0,0.0,0.0,0.0,0.0,0.0,0.0,0.0,0.0,0.0,0.0,5.0,0,0,0,0,0,1,0,0,0,0,0.0,0.0,0.0,0.0,0.0
Julian Niehues,GER,MF,Heidenheim,23,8,0,154,1.7,0,0,0,0,0,0,1,0,0.2,0.2,0.1,0.4,0,6,3,0.0,0.0,0.0,0.0,0.0,0.15,0.08,0.22,0.15,0.22,1.5,0,1,2,0,0,0,1,0,2,1,50.0,1.17,0.58,0.0,0.0
Justin Njinmah,GER,"FW,MF",Werder Bremen,23,26,10,952,10.6,3,2,5,3,0,0,1,0,3.7,3.7,1.6,5.2,33,23,103,0.28,0.19,0.47,0.28,0.47,0.35,0.15,0.49,0.35,0.49,7.0,0,7,17,12,19,4,1,0,31,7,22.6,2.93,0.66,0.1,0.43
Niels Nkounkou,FRA,"DF,MF",Eint Frankfurt,23,12,4,382,4.2,0,0,0,0,0,0,1,0,0.2,0.2,1.3,1.5,17,15,21,0.0,0.0,0.0,0.0,0.0,0.04,0.31,0.35,0.04,0.35,3.5,0,5,2,0,23,9,9,0,4,0,0.0,0.94,0.0,0.0,0.0
Felix Nmecha,GER,MF,Dortmund,23,26,19,1509,16.8,4,1,5,4,0,0,3,0,1.3,1.3,1.1,2.4,21,85,27,0.24,0.06,0.3,0.24,0.3,0.08,0.07,0.15,0.08,0.15,28.0,0,22,26,0,6,24,21,0,18,6,33.3,1.07,0.36,0.22,0.67
Lukas Nmecha,GER,"FW,MF",Wolfsburg,25,19,3,467,5.2,3,0,3,3,0,0,1,0,4.5,4.5,0.3,4.8,8,6,32,0.58,0.0,0.58,0.58,0.58,0.87,0.05,0.92,0.87,0.92,3.0,0,7,15,0,6,2,0,0,20,9,45.0,3.85,1.73,0.15,0.33
Arnaud Nordin,FRA,"DF,MF",Mainz 05,26,6,0,80,0.9,0,0,0,0,0,0,0,0,0.0,0.0,0.5,0.5,3,1,15,0.0,0.0,0.0,0.0,0.0,0.03,0.51,0.54,0.03,0.54,5.0,0,1,3,0,9,0,0,0,1,0,0.0,1.13,0.0,0.0,0.0
Alexander Nubel,GER,GK,Stuttgart,27,34,34,3060,34.0,0,1,1,0,0,0,0,0,0.0,0.0,0.3,0.3,0,0,0,0.0,0.03,0.03,0.0,0.03,0.0,0.01,0.01,0.0,0.01,12.0,0,0,4,0,0,0,0,0,0,0,0.0,0.0,0.0,0.0,0.0
Antonio Nusa,NOR,"MF,DF",RB Leipzig,19,25,16,1558,17.3,3,3,6,3,0,0,0,0,1.6,1.6,2.8,4.4,57,52,123,0.17,0.17,0.35,0.17,0.35,0.09,0.16,0.26,0.09,0.26,28.0,0,14,28,9,35,8,17,0,24,7,29.2,1.39,0.4,0.13,0.43
David Odogu,GER,DF,Wolfsburg,18,3,2,195,2.2,0,0,0,0,0,0,0,0,0.2,0.2,0.0,0.2,1,8,0,0.0,0.0,0.0,0.0,0.0,0.1,0.0,0.1,0.1,0.1,1.5,0,2,0,1,0,2,4,0,2,0,0.0,0.92,0.0,0.0,0.0
Tim Oermann,GER,DF,Bochum,20,29,26,2213,24.6,0,2,2,0,0,0,0,0,0.2,0.2,0.6,0.8,15,61,16,0.0,0.08,0.08,0.0,0.08,0.01,0.02,0.03,0.01,0.03,5.0,0,16,8,0,14,24,30,0,9,0,0.0,0.37,0.0,0.0,0.0
Ifechukwu Ogbus,SUI,DF,Freiburg,18,2,0,19,0.2,0,0,0,0,0,0,0,0,0.0,0.0,0.0,0.0,0,0,0,0.0,0.0,0.0,0.0,0.0,0.0,0.0,0.0,0.0,0.0,1.0,0,1,0,0,0,1,1,0,0,0,0.0,0.0,0.0,0.0,0.0
Finn Ole Becker,GER,MF,Hoffenheim,24,13,7,670,7.4,0,1,1,0,0,0,1,0,0.1,0.1,0.3,0.4,3,45,7,0.0,0.13,0.13,0.0,0.13,0.02,0.04,0.05,0.02,0.05,2.0,0,5,7,0,8,9,5,0,4,2,50.0,0.54,0.27,0.0,0.0
Michael Olise,FRA,"FW,MF",Bayern Munich,22,34,28,2334,25.9,12,15,27,12,0,0,3,0,9.7,9.7,12.0,21.7,119,184,381,0.46,0.58,1.04,0.46,1.04,0.38,0.46,0.84,0.38,0.84,100.0,0,22,66,5,134,8,20,0,86,36,41.9,3.32,1.39,0.14,0.33
Jonas Omlin,SUI,GK,Gladbach,30,12,11,978,10.9,0,0,0,0,0,0,0,1,0.0,0.0,0.0,0.0,0,0,0,0.0,0.0,0.0,0.0,0.0,0.0,0.0,0.0,0.0,0.0,2.5,0,1,1,0,0,0,0,0,0,0,0.0,0.0,0.0,0.0,0.0
Karim Onisiwo,AUT,"MF,FW",Mainz 05,32,6,1,110,1.2,0,0,0,0,0,0,0,0,0.1,0.1,0.3,0.4,1,0,8,0.0,0.0,0.0,0.0,0.0,0.06,0.27,0.33,0.06,0.33,0.8,0,3,2,1,2,0,0,0,3,0,0.0,2.45,0.0,0.0,0.0
Frank Onyeka,NGA,MF,Augsburg,26,31,30,2586,28.7,0,1,1,0,0,0,8,0,1.4,1.4,1.3,2.7,46,106,71,0.0,0.03,0.03,0.0,0.03,0.05,0.04,0.09,0.05,0.09,7.0,0,47,74,3,20,37,46,0,24,6,25.0,0.84,0.21,0.0,0.0
Lois Openda,BEL,"FW,MF",RB Leipzig,24,33,28,2453,27.3,9,5,14,9,0,1,5,1,9.0,8.2,3.4,11.6,58,47,229,0.33,0.18,0.51,0.33,0.51,0.33,0.12,0.45,0.3,0.43,50.0,1,29,77,27,27,5,4,0,78,33,42.3,2.86,1.21,0.12,0.27
Gift Orban,NGA,FW,Hoffenheim,22,13,7,687,7.6,4,0,4,4,0,0,2,0,3.4,3.4,0.2,3.6,8,7,35,0.52,0.0,0.52,0.52,0.52,0.44,0.03,0.47,0.44,0.47,10.0,0,15,7,8,6,0,1,0,11,4,36.4,1.44,0.52,0.36,1.0
Willi Orban,HUN,DF,RB Leipzig,31,25,25,2222,24.7,5,0,5,5,0,0,4,2,4.0,4.0,1.0,5.0,15,106,8,0.2,0.0,0.2,0.2,0.2,0.16,0.04,0.2,0.16,0.2,8.0,0,23,14,4,5,20,24,0,22,7,31.8,0.89,0.28,0.23,0.71
Ivan Ordets,UKR,DF,Bochum,32,22,21,1861,20.7,0,0,0,0,0,0,6,0,0.7,0.7,0.7,1.5,2,48,4,0.0,0.0,0.0,0.0,0.0,0.04,0.04,0.07,0.04,0.07,1.0,0,22,19,2,1,43,8,0,11,0,0.0,0.53,0.0,0.0,0.0
Patrick Osterhage,GER,MF,Freiburg,24,30,27,2267,25.2,1,0,1,1,0,0,6,1,1.7,1.7,1.4,3.1,26,73,50,0.04,0.0,0.04,0.04,0.04,0.07,0.06,0.12,0.07,0.12,10.0,1,25,22,5,21,22,29,0,21,3,14.3,0.83,0.12,0.05,0.33
Assan Ouedraogo,GER,MF,RB Leipzig,18,3,0,50,0.6,0,0,0,0,0,0,0,0,0.1,0.1,0.0,0.1,2,1,2,0.0,0.0,0.0,0.0,0.0,0.11,0.0,0.11,0.11,0.11,7.0,0,1,3,0,1,0,0,0,1,0,0.0,1.8,0.0,0.0,0.0
Salih Ozcan,TUR,MF,Dortmund,26,22,6,744,8.2,0,0,0,0,0,0,0,0,0.4,0.4,1.2000000000000002,1.6,10,53,9,0.0,0.0,0.0,0.0,0.0,0.05,0.15,0.2,0.05,0.2,4.0,0,16,13,1,10,17,8,0,6,0,0.0,0.73,0.0,0.0,0.0
Exequiel Palacios,ARG,MF,Leverkusen,25,24,11,1155,12.8,1,6,7,1,0,0,2,0,1.5,1.5,2.3,3.8,15,97,40,0.08,0.47,0.55,0.08,0.55,0.12,0.18,0.3,0.12,0.3,40.0,0,9,18,1,4,12,15,0,13,9,69.2,1.01,0.7,0.08,0.11
Joao Palhinha,POR,MF,Bayern Munich,29,17,6,673,7.5,0,0,0,0,0,0,2,1,0.7,0.7,0.2,0.9,3,32,7,0.0,0.0,0.0,0.0,0.0,0.09,0.03,0.12,0.09,0.12,30.0,0,13,10,0,2,4,14,0,10,3,30.0,1.34,0.4,0.0,0.0
Mats Pannewig,GER,MF,Bochum,19,14,2,267,3.0,0,0,0,0,0,0,1,0,0.8,0.8,0.1,0.9,3,10,16,0.0,0.0,0.0,0.0,0.0,0.27,0.04,0.31,0.27,0.31,1.0,0,5,1,0,3,2,7,0,9,3,33.3,3.03,1.01,0.0,0.0
Kevin Paredes,USA,DF,Wolfsburg,21,2,2,123,1.4,0,1,1,0,0,0,1,0,0.4,0.4,0.1,0.4,1,7,12,0.0,0.73,0.73,0.0,0.73,0.27,0.05,0.32,0.27,0.32,7.5,0,1,4,0,1,1,2,0,4,0,0.0,2.93,0.0,0.0,0.0
Felix Passlack,GER,"DF,MF",Bochum,26,31,30,2334,25.9,1,6,7,1,0,0,4,0,1.3,1.3,3.9,5.2,43,65,118,0.04,0.23,0.27,0.04,0.27,0.05,0.15,0.2,0.05,0.2,2.0,0,28,21,2,111,19,24,0,26,6,23.1,1.0,0.23,0.04,0.17
Aleksandar Pavlovic,GER,MF,Bayern Munich,20,21,18,1451,16.1,1,0,1,1,0,0,2,0,0.6,0.6,0.2,0.8,15,128,33,0.06,0.0,0.06,0.06,0.06,0.03,0.01,0.05,0.03,0.05,55.0,0,17,9,0,5,6,22,0,9,4,44.4,0.56,0.25,0.11,0.25
Mads Pedersen,DEN,DF,Augsburg,27,7,2,235,2.6,0,0,0,0,0,0,0,0,0.1,0.1,0.0,0.1,1,11,10,0.0,0.0,0.0,0.0,0.0,0.03,0.0,0.03,0.03,0.03,2.0,0,5,1,1,5,2,7,0,2,0,0.0,0.77,0.0,0.0,0.0
Jordan Pefok,USA,FW,Union Berlin,28,18,10,908,10.1,0,1,1,0,0,0,2,0,3.2,3.2,0.9,4.1,3,12,40,0.0,0.1,0.1,0.0,0.1,0.32,0.09,0.4,0.32,0.4,3.0,0,22,15,7,0,4,6,0,23,8,34.8,2.28,0.79,0.0,0.0
Daniel Peretz,ISR,GK,Bayern Munich,24,3,3,270,3.0,0,0,0,0,0,0,1,0,0.0,0.0,0.0,0.0,0,1,0,0.0,0.0,0.0,0.0,0.0,0.0,0.0,0.0,0.0,0.0,3.0,0,0,2,0,0,0,0,0,0,0,0.0,0.0,0.0,0.0,0.0
Noah Pesch,CRO,FW,Gladbach,19,1,0,6,0.1,0,0,0,0,0,0,0,0,0.0,0.0,0.0,0.0,0,1,1,0.0,0.0,0.0,0.0,0.0,0.0,0.0,0.0,0.0,0.0,0.3,0,1,0,0,0,0,0,0,0,0,0.0,0.0,0.0,0.0,0.0
Luca Philipp,GER,GK,Hoffenheim,23,6,6,540,6.0,0,0,0,0,0,0,0,0,0.0,0.0,0.0,0.0,0,0,0,0.0,0.0,0.0,0.0,0.0,0.0,0.0,0.0,0.0,0.0,0.75,0,0,0,0,0,0,0,0,0,0,0.0,0.0,0.0,0.0,0.0
Maximilian Philipp,GER,"MF,FW",Freiburg,30,2,0,17,0.2,0,0,0,0,0,0,0,0,0.0,0.0,0.0,0.0,0,0,0,0.0,0.0,0.0,0.0,0.0,0.22,0.0,0.22,0.22,0.22,0.8,0,0,0,0,0,0,0,0,1,0,0.0,5.29,0.0,0.0,0.0
Benedikt Pichler,AUT,FW,Holstein Kiel,27,18,7,785,8.7,1,2,3,1,0,0,1,0,2.3,2.3,1.1,3.4,18,19,58,0.11,0.23,0.34,0.11,0.34,0.26,0.13,0.39,0.26,0.39,1.5,0,14,16,13,10,2,3,0,20,9,45.0,2.29,1.03,0.05,0.11
Amos Pieper,GER,DF,Werder Bremen,26,23,16,1498,16.6,0,0,0,0,0,0,3,0,0.4,0.4,0.6,1.0,11,62,3,0.0,0.0,0.0,0.0,0.0,0.03,0.04,0.06,0.03,0.06,3.5,0,11,11,0,4,23,17,0,7,1,14.3,0.42,0.06,0.0,0.0
Marvin Pieringer,GER,"FW,MF",Heidenheim,24,31,26,2206,24.5,7,4,11,4,3,3,7,0,8.9,6.6,4.0,10.6,23,59,115,0.29,0.16,0.45,0.16,0.33,0.36,0.16,0.53,0.27,0.43,5.5,0,50,46,15,11,8,11,0,60,20,33.3,2.45,0.82,0.07,0.2
Alassane Plea,FRA,"MF,FW",Gladbach,31,30,24,1902,21.1,11,4,15,10,1,1,3,0,7.4,6.6,3.1,9.8,51,116,141,0.52,0.19,0.71,0.47,0.66,0.35,0.15,0.5,0.31,0.46,5.0,0,18,33,8,44,1,4,0,42,14,33.3,1.99,0.66,0.24,0.71
Finn Porath,GER,"DF,MF",Holstein Kiel,27,31,20,1970,21.9,2,3,5,2,0,0,3,0,1.9,1.8,2.0,3.8,42,58,69,0.09,0.14,0.23,0.09,0.23,0.09,0.09,0.18,0.08,0.18,1.7,0,31,37,0,84,19,27,0,29,12,41.4,1.32,0.55,0.07,0.17
Yussuf Poulsen,DEN,"FW,MF",RB Leipzig,30,22,2,378,4.2,2,0,2,2,0,0,1,0,3.3,3.3,0.6,3.9,2,12,30,0.48,0.0,0.48,0.48,0.48,0.8,0.13,0.93,0.8,0.93,5.0,0,8,14,1,2,0,5,0,14,7,50.0,3.33,1.67,0.14,0.29
Alexander Prass,AUT,DF,Hoffenheim,23,23,19,1566,17.4,0,1,1,0,0,0,1,0,0.9,0.9,2.8,3.6,28,63,66,0.0,0.06,0.06,0.0,0.06,0.05,0.16,0.21,0.05,0.21,5.0,0,17,25,0,55,11,24,0,12,1,8.3,0.69,0.06,0.0,0.0
David Preu,GER,"MF,DF",Union Berlin,19,5,1,121,1.3,0,0,0,0,0,0,1,0,0.1,0.1,0.0,0.1,1,3,9,0.0,0.0,0.0,0.0,0.0,0.1,0.0,0.1,0.1,0.1,0.4,0,1,1,1,4,0,0,0,2,0,0.0,1.49,0.0,0.0,0.0
Grischa Promel,GER,MF,Hoffenheim,29,2,2,174,1.9,0,0,0,0,0,0,0,0,0.0,0.0,0.0,0.0,2,5,3,0.0,0.0,0.0,0.0,0.0,0.0,0.0,0.0,0.0,0.0,3.0,0,0,3,0,2,1,0,0,0,0,0.0,0.0,0.0,0.0,0.0
Ivan Prtajin,CRO,FW,Union Berlin,28,5,2,161,1.8,0,0,0,0,0,0,0,0,0.5,0.5,0.1,0.7,1,1,17,0.0,0.0,0.0,0.0,0.0,0.29,0.08,0.37,0.29,0.37,1.2,0,1,1,2,3,0,2,0,8,2,25.0,4.47,1.12,0.0,0.0
Tymoteusz Puchacz,POL,DF,Holstein Kiel,25,10,5,396,4.4,0,1,1,0,0,0,0,0,0.1,0.1,0.6,0.7,13,8,30,0.0,0.23,0.23,0.0,0.23,0.02,0.14,0.16,0.02,0.16,1.5,0,2,7,1,38,3,5,0,4,1,25.0,0.91,0.23,0.0,0.0
Leopold Querfeld,AUT,DF,Union Berlin,20,27,17,1747,19.4,2,2,4,2,0,0,8,0,1.1,1.1,1.0,2.2,3,49,5,0.1,0.1,0.21,0.1,0.21,0.06,0.05,0.11,0.06,0.11,13.0,0,20,13,0,1,17,15,0,16,4,25.0,0.82,0.21,0.13,0.5
Grant Ranos,ARM,FW,Gladbach,21,2,0,20,0.2,0,0,0,0,0,0,1,0,0.0,0.0,0.0,0.0,1,1,2,0.0,0.0,0.0,0.0,0.0,0.0,0.0,0.0,0.0,0.0,0.5,0,1,0,0,0,0,0,0,0,0,0.0,0.0,0.0,0.0,0.0
David Raum,GER,DF,RB Leipzig,26,22,21,1783,19.8,1,5,6,1,0,0,5,0,0.5,0.5,6.5,6.9,36,71,127,0.05,0.25,0.3,0.05,0.3,0.02,0.33,0.35,0.02,0.35,20.0,0,23,10,6,188,10,28,0,9,4,44.4,0.45,0.2,0.11,0.25
Rocco Reitz,GER,MF,Gladbach,22,27,21,1830,20.3,2,1,3,2,0,0,1,0,1.7,1.7,2.1,3.8,18,91,30,0.1,0.05,0.15,0.1,0.15,0.08,0.1,0.19,0.08,0.19,15.0,0,19,38,0,23,54,24,0,23,7,30.4,1.13,0.34,0.09,0.29
Nicolai Remberg,GER,MF,Holstein Kiel,24,32,26,2417,26.9,0,1,1,0,0,0,11,0,1.5,1.5,0.8,2.3,25,80,31,0.0,0.04,0.04,0.0,0.04,0.06,0.03,0.09,0.06,0.09,3.0,0,43,45,2,8,29,24,2,24,3,12.5,0.89,0.11,0.0,0.0
Elvis Rexhbecaj,KVX,MF,Augsburg,26,27,22,1785,19.8,1,1,2,1,0,0,8,0,1.4,1.4,1.1,2.5,31,94,82,0.05,0.05,0.1,0.05,0.1,0.07,0.05,0.13,0.07,0.13,3.5,0,13,42,1,70,16,19,0,29,5,17.2,1.46,0.25,0.03,0.2
Gio Reyna,USA,MF,Dortmund,21,16,3,350,3.9,2,0,2,2,0,0,3,0,0.2,0.2,0.2,0.4,5,22,19,0.51,0.0,0.51,0.51,0.51,0.04,0.06,0.1,0.04,0.1,7.0,0,8,3,0,15,0,0,0,3,2,66.7,0.77,0.51,0.67,1.0
Fabian Rieder,SUI,"MF,FW",Stuttgart,22,21,8,867,9.6,1,3,4,1,0,0,1,0,1.4,1.4,2.0,3.4,20,38,61,0.1,0.31,0.42,0.1,0.42,0.14,0.21,0.35,0.14,0.35,6.0,0,14,11,0,40,11,15,0,20,7,35.0,2.08,0.73,0.05,0.14
Lasse Riess,GER,GK,Mainz 05,23,2,2,180,2.0,0,0,0,0,0,0,0,0,0.0,0.0,0.0,0.0,0,0,0,0.0,0.0,0.0,0.0,0.0,0.0,0.0,0.0,0.0,0.0,0.4,0,0,0,0,0,0,0,0,0,0,0.0,0.0,0.0,0.0,0.0
Lars Ritzka,GER,"DF,MF",St. Pauli,26,21,11,922,10.2,1,0,1,1,0,0,1,0,0.4,0.4,0.2,0.6,8,21,34,0.1,0.0,0.1,0.1,0.1,0.04,0.02,0.06,0.04,0.06,1.0,0,10,6,1,19,10,28,0,8,1,12.5,0.78,0.1,0.13,1.0
Mads Roerslev,DEN,DF,Wolfsburg,25,7,2,298,3.3,0,0,0,0,0,0,0,0,0.0,0.0,0.0,0.0,7,13,18,0.0,0.0,0.0,0.0,0.0,0.0,0.01,0.01,0.0,0.01,6.0,0,2,3,0,7,5,8,0,0,0,0.0,0.0,0.0,0.0,0.0
Merlin Rohl,GER,"MF,FW",Freiburg,22,19,11,965,10.7,0,1,1,0,0,0,2,0,0.8,0.8,1.7,2.5,20,22,60,0.0,0.09,0.09,0.0,0.09,0.07,0.16,0.23,0.07,0.23,12.0,0,22,19,0,12,4,9,0,12,3,25.0,1.12,0.28,0.0,0.0
Lasse Rosenboom,GER,DF,Holstein Kiel,22,26,21,1734,19.3,2,2,4,2,0,0,3,0,1.9,1.9,1.1,3.0,19,34,50,0.1,0.1,0.21,0.1,0.21,0.1,0.06,0.16,0.1,0.16,1.5,0,19,12,0,18,19,35,0,12,5,41.7,0.62,0.26,0.17,0.4
Max Rosenfelder,GER,DF,Freiburg,21,25,13,1249,13.9,1,0,1,1,0,0,2,0,0.4,0.4,0.7,1.0,24,29,18,0.07,0.0,0.07,0.07,0.07,0.03,0.05,0.08,0.03,0.08,8.0,0,8,14,1,9,8,17,0,5,1,20.0,0.36,0.07,0.2,1.0
Tom Rothe,GER,"DF,MF",Union Berlin,19,26,19,1670,18.6,3,3,6,3,0,0,4,1,1.8,1.8,1.3,3.1,25,50,91,0.16,0.16,0.32,0.16,0.32,0.1,0.07,0.17,0.1,0.17,10.0,0,25,11,2,46,18,30,0,22,9,40.9,1.19,0.49,0.14,0.33
Anthony Rouault,FRA,DF,Stuttgart,23,18,14,1212,13.5,1,0,1,1,0,0,1,0,0.5,0.5,0.3,0.8,6,52,4,0.07,0.0,0.07,0.07,0.07,0.04,0.02,0.06,0.04,0.06,10.0,0,19,8,0,1,17,11,0,5,1,20.0,0.37,0.07,0.2,1.0
Jerome Roussillon,FRA,"DF,MF",Union Berlin,31,7,1,136,1.5,0,0,0,0,0,0,0,0,0.1,0.1,0.0,0.1,2,11,7,0.0,0.0,0.0,0.0,0.0,0.06,0.0,0.06,0.06,0.06,0.8,0,1,3,0,10,2,0,0,2,0,0.0,1.32,0.0,0.0,0.0
Julian Ryerson,NOR,DF,Dortmund,26,29,27,2259,25.1,2,3,5,2,0,0,6,1,0.7,0.7,4.5,5.2,66,92,136,0.08,0.12,0.2,0.08,0.2,0.03,0.18,0.21,0.03,0.21,20.0,1,31,23,0,111,23,28,0,18,5,27.8,0.72,0.2,0.11,0.4
Frederik Ronnow,DEN,GK,Union Berlin,31,28,28,2520,28.0,0,0,0,0,0,0,2,0,0.1,0.1,0.0,0.1,0,1,0,0.0,0.0,0.0,0.0,0.0,0.0,0.0,0.0,0.0,0.0,3.0,0,0,4,0,0,0,0,0,1,0,0.0,0.04,0.0,0.0,0.0
Elias Saad,TUN,"FW,MF",St. Pauli,24,18,10,900,10.0,3,2,5,3,0,0,1,0,2.8,2.8,0.8,3.6,29,27,76,0.3,0.2,0.5,0.3,0.5,0.28,0.08,0.36,0.28,0.36,4.0,0,17,24,7,14,4,14,0,26,8,30.8,2.6,0.8,0.12,0.38
Marcel Sabitzer,AUT,MF,Dortmund,30,26,18,1616,18.0,1,0,1,1,0,0,3,0,1.8,1.8,1.6,3.3,24,97,70,0.06,0.0,0.06,0.06,0.06,0.1,0.09,0.19,0.1,0.19,8.0,0,12,9,0,23,10,19,0,21,8,38.1,1.17,0.45,0.05,0.13
Faik Sakar,GER,MF,RB Leipzig,16,1,0,1,0.0,0,0,0,0,0,0,0,0,0.0,0.0,0.0,0.0,0,0,0,0.0,0.0,0.0,0.0,0.0,0.0,0.0,0.0,0.0,0.0,0.2,0,0,0,0,0,0,0,0,0,0,0.0,0.0,0.0,0.0,0.0
Manolis Saliakas,GRE,"MF,DF",St. Pauli,27,30,26,2314,25.7,2,1,3,2,0,0,4,0,1.5,1.5,2.6,4.1,28,93,80,0.08,0.04,0.12,0.08,0.12,0.06,0.1,0.16,0.06,0.16,3.0,0,16,15,0,83,16,23,0,29,6,20.7,1.13,0.23,0.07,0.33
Roland Sallai,HUN,"FW,MF",Freiburg,27,2,0,46,0.5,0,0,0,0,0,0,0,0,0.1,0.1,0.1,0.2,4,3,2,0.0,0.0,0.0,0.0,0.0,0.25,0.16,0.41,0.25,0.41,10.0,0,0,1,0,4,1,1,0,3,1,33.3,5.87,1.96,0.0,0.0
Diadie Samassekou,MLI,MF,Hoffenheim,28,8,6,290,3.2,0,0,0,0,0,0,0,0,0.1,0.1,0.0,0.1,3,11,2,0.0,0.0,0.0,0.0,0.0,0.02,0.0,0.02,0.02,0.02,1.0,0,5,4,0,0,5,6,0,3,1,33.3,0.93,0.31,0.0,0.0
Philipp Sander,GER,MF,Gladbach,26,27,16,1400,15.6,1,0,1,1,0,0,2,0,1.2,1.2,0.6,1.8,16,60,29,0.06,0.0,0.06,0.06,0.06,0.08,0.04,0.12,0.08,0.12,4.0,0,16,7,0,22,22,17,0,18,8,44.4,1.16,0.51,0.06,0.13
James Sands,USA,"MF,DF",St. Pauli,24,7,5,453,5.0,0,0,0,0,0,0,1,0,0.1,0.1,0.0,0.1,0,16,6,0.0,0.0,0.0,0.0,0.0,0.01,0.0,0.01,0.01,0.01,3.0,0,11,5,1,2,6,7,0,1,0,0.0,0.2,0.0,0.0,0.0
Leroy Sane,GER,FW,Bayern Munich,28,30,17,1637,18.2,11,5,16,11,0,0,2,0,10.2,10.2,5.5,15.8,75,64,266,0.6,0.27,0.88,0.6,0.88,0.56,0.3,0.87,0.56,0.87,32.0,0,16,25,6,50,7,14,0,67,30,44.8,3.68,1.65,0.16,0.37
Kaishu Sano,JPN,MF,Mainz 05,23,34,34,3043,33.8,0,0,0,0,0,0,3,0,0.9,0.9,1.2,2.1,53,159,46,0.0,0.0,0.0,0.0,0.0,0.03,0.04,0.06,0.03,0.06,20.0,0,16,33,2,11,63,33,0,20,2,10.0,0.59,0.06,0.0,0.0
Kaua Santos,BRA,GK,Eint Frankfurt,21,9,8,765,8.5,0,0,0,0,0,0,0,0,0.0,0.0,0.0,0.0,0,1,0,0.0,0.0,0.0,0.0,0.0,0.0,0.0,0.0,0.0,0.0,2.5,0,0,2,0,0,0,0,1,0,0,0.0,0.0,0.0,0.0,0.0
Joe Scally,USA,DF,Gladbach,21,32,30,2578,28.6,0,0,0,0,0,0,6,0,0.4,0.4,1.1,1.5,52,68,69,0.0,0.0,0.0,0.0,0.0,0.01,0.04,0.05,0.01,0.05,10.0,0,23,47,1,49,18,32,0,6,1,16.7,0.21,0.03,0.0,0.0
Andras Schafer,HUN,MF,Union Berlin,25,26,17,1534,17.0,1,1,2,1,0,0,3,0,0.6,0.6,0.9,1.5,23,55,42,0.06,0.06,0.12,0.06,0.12,0.04,0.05,0.09,0.04,0.09,5.0,0,27,33,0,17,24,25,0,12,1,8.3,0.7,0.06,0.08,1.0
Patrik Schick,CZE,FW,Leverkusen,28,31,19,1684,18.7,21,0,21,20,1,1,4,0,12.7,11.9,0.6,12.5,7,21,107,1.12,0.0,1.12,1.07,1.07,0.68,0.03,0.71,0.63,0.67,27.0,0,23,23,7,1,4,5,0,68,34,50.0,3.63,1.82,0.29,0.59
Stefan Schimmer,GER,"FW,MF",Heidenheim,30,13,0,247,2.7,0,0,0,0,0,0,1,0,1.1,1.1,0.3,1.3,0,3,15,0.0,0.0,0.0,0.0,0.0,0.39,0.09,0.48,0.39,0.48,0.5,0,2,1,2,2,0,0,0,10,2,20.0,3.64,0.73,0.0,0.0
Xaver Schlager,AUT,MF,RB Leipzig,26,4,2,181,2.0,0,0,0,0,0,0,1,0,0.1,0.1,0.7,0.8,5,6,2,0.0,0.0,0.0,0.0,0.0,0.03,0.35,0.38,0.03,0.38,10.0,0,4,3,0,1,0,1,0,1,0,0.0,0.5,0.0,0.0,0.0
Keven Schlotterbeck,GER,DF,Augsburg,27,18,15,1297,14.4,3,1,4,3,0,0,4,1,0.8,0.8,0.6,1.4,3,59,2,0.21,0.07,0.28,0.21,0.28,0.05,0.04,0.1,0.05,0.1,6.0,1,10,11,1,3,18,17,0,12,5,41.7,0.83,0.35,0.25,0.6
Nico Schlotterbeck,GER,DF,Dortmund,24,23,23,1982,22.0,0,4,4,0,0,0,7,2,1.3,1.3,2.1,3.4,37,195,14,0.0,0.18,0.18,0.0,0.18,0.06,0.09,0.15,0.06,0.15,40.0,1,18,19,0,14,15,25,0,16,4,25.0,0.73,0.18,0.0,0.0
Romano Schmid,AUT,MF,Werder Bremen,24,32,32,2834,31.5,5,4,9,4,1,1,4,0,4.3,3.5,6.2,9.7,107,279,201,0.16,0.13,0.29,0.13,0.25,0.14,0.2,0.33,0.11,0.31,17.0,0,28,42,3,143,12,25,0,48,15,31.3,1.52,0.48,0.08,0.27
Jan Schoppner,GER,MF,Heidenheim,25,33,32,2681,29.8,4,3,7,4,0,0,8,0,3.9,3.9,3.4,7.3,35,107,48,0.13,0.1,0.23,0.13,0.23,0.13,0.12,0.25,0.13,0.25,4.0,0,31,20,2,12,43,31,0,41,13,31.7,1.38,0.44,0.1,0.31
Marvin Schulz,GER,"MF,DF",Holstein Kiel,29,12,3,306,3.4,0,0,0,0,0,0,3,0,0.0,0.0,0.7,0.7,5,11,2,0.0,0.0,0.0,0.0,0.0,0.01,0.19,0.2,0.01,0.2,0.7,0,6,1,0,12,0,4,0,3,1,33.3,0.88,0.29,0.0,0.0
Alexander Schwolow,GER,GK,Union Berlin,32,6,6,540,6.0,0,0,0,0,0,0,0,0,0.0,0.0,0.0,0.0,0,0,0,0.0,0.0,0.0,0.0,0.0,0.0,0.0,0.0,0.0,0.0,0.5,0,0,0,0,0,0,0,0,0,0,0.0,0.0,0.0,0.0,0.0
Leo Scienza,BRA,"FW,MF",Heidenheim,25,25,13,1153,12.8,3,3,6,3,0,0,1,0,2.0,2.0,3.7,5.8,70,30,90,0.23,0.23,0.47,0.23,0.47,0.16,0.29,0.45,0.16,0.45,3.0,0,16,63,5,81,5,11,0,38,15,39.5,2.97,1.17,0.08,0.2
Nicolas Seiwald,AUT,"MF,DF",RB Leipzig,23,30,20,2084,23.2,0,0,0,0,0,0,2,0,0.2,0.2,1.7,2.0,17,140,30,0.0,0.0,0.0,0.0,0.0,0.01,0.08,0.08,0.01,0.08,18.0,0,27,2,0,46,31,32,0,5,0,0.0,0.22,0.0,0.0,0.0
Benjamin Sesko,SVN,"FW,MF",RB Leipzig,21,33,30,2380,26.4,13,5,18,11,2,2,2,1,10.0,8.4,2.1,10.5,47,46,141,0.49,0.19,0.68,0.42,0.61,0.38,0.08,0.46,0.32,0.4,70.0,1,26,20,18,7,4,3,0,68,31,45.6,2.57,1.17,0.16,0.35
Armindo Sieb,GER,"FW,MF",Mainz 05,21,27,5,762,8.5,2,2,4,2,0,0,2,0,2.8,2.8,1.1,3.9,28,18,64,0.24,0.24,0.47,0.24,0.47,0.33,0.13,0.47,0.33,0.47,3.0,0,13,13,10,6,1,5,0,29,7,24.1,3.43,0.83,0.07,0.29
Tim Siersleben,GER,DF,Heidenheim,24,16,14,1182,13.1,0,0,0,0,0,0,4,0,0.6,0.6,0.5,1.1,8,31,12,0.0,0.0,0.0,0.0,0.0,0.04,0.04,0.08,0.04,0.08,2.0,0,16,7,0,10,20,14,0,4,2,50.0,0.3,0.15,0.0,0.0
Kiliann Sildillia,FRA,DF,Freiburg,22,21,8,801,8.9,2,0,2,2,0,0,2,0,0.5,0.5,0.7,1.1,11,29,34,0.22,0.0,0.22,0.22,0.22,0.05,0.07,0.13,0.05,0.13,10.0,0,10,9,1,19,10,9,0,7,2,28.6,0.79,0.22,0.29,1.0
Andre Silva,POR,"FW,MF",RB Leipzig,28,15,4,507,5.7,2,2,4,0,2,3,1,0,3.9,1.5,1.0,2.5,12,14,39,0.35,0.35,0.7,0.0,0.35,0.68,0.18,0.86,0.26,0.44,4.0,0,4,9,2,2,0,3,0,22,10,45.45,3.86,1.75,0.09,0.2
Mohamed Simakan,FRA,DF,RB Leipzig,24,1,1,54,0.6,0,0,0,0,0,0,0,0,0.0,0.0,0.3,0.3,3,7,4,0.0,0.0,0.0,0.0,0.0,0.0,0.46,0.46,0.0,0.46,23.0,0,0,1,0,1,2,0,0,0,0,0.0,0.0,0.0,0.0,0.0
Xavi Simons,NED,MF,RB Leipzig,21,25,25,2150,23.9,10,6,16,10,0,0,5,0,5.1,5.1,6.3,11.4,85,140,185,0.42,0.25,0.67,0.42,0.67,0.21,0.26,0.48,0.21,0.48,70.0,0,24,56,5,80,13,22,0,50,23,46.0,2.09,0.96,0.2,0.43
Danel Sinani,LUX,"FW,MF",St. Pauli,27,26,14,1250,13.9,2,2,4,2,0,0,3,0,1.7,1.7,3.0,4.6,16,60,64,0.14,0.14,0.29,0.14,0.29,0.12,0.21,0.33,0.12,0.33,1.5,0,25,14,4,70,2,11,0,35,12,34.3,2.52,0.86,0.06,0.17
Tobias Sippel,GER,GK,Gladbach,36,1,0,59,0.7,0,0,0,0,0,0,0,0,0.0,0.0,0.0,0.0,0,0,0,0.0,0.0,0.0,0.0,0.0,0.0,0.0,0.0,0.0,0.0,0.3,0,0,0,0,0,0,0,0,0,0,0.0,0.0,0.0,0.0,0.0
Ibrahima Sissoko,MLI,MF,Bochum,26,32,30,2610,29.0,2,1,3,2,0,0,11,1,1.7,1.7,1.6,3.3,35,105,69,0.07,0.03,0.1,0.07,0.1,0.06,0.05,0.11,0.06,0.11,6.0,1,76,29,2,21,33,40,0,25,8,32.0,0.86,0.28,0.08,0.25
Tim Skarke,GER,"FW,MF",Union Berlin,27,33,11,1164,12.9,0,2,2,0,0,0,1,0,2.1,2.1,1.2,3.3,26,25,96,0.0,0.15,0.15,0.0,0.15,0.16,0.09,0.25,0.16,0.25,2.0,0,10,15,10,28,5,12,0,20,9,45.0,1.55,0.7,0.0,0.0
Ellyes Skhiri,TUN,MF,Eint Frankfurt,29,30,26,2231,24.8,1,2,3,1,0,0,6,0,1.4,1.4,1.4,2.8,17,105,27,0.04,0.08,0.12,0.04,0.12,0.06,0.06,0.11,0.06,0.11,7.5,0,21,19,2,3,34,24,0,13,2,15.4,0.52,0.08,0.08,0.5
Leo Skiri Østigard,NOR,DF,Hoffenheim,24,11,11,927,10.3,0,0,0,0,0,0,0,1,0.3,0.3,0.1,0.4,0,51,1,0.0,0.0,0.0,0.0,0.0,0.03,0.01,0.04,0.03,0.04,10.0,0,18,5,1,2,10,7,1,5,0,0.0,0.49,0.0,0.0,0.0
Andreas Skov Olsen,DEN,"FW,MF",Wolfsburg,24,12,4,535,5.9,1,1,2,1,0,0,0,0,0.8,0.8,1.9,2.7,22,22,48,0.17,0.17,0.34,0.17,0.34,0.14,0.32,0.46,0.14,0.46,14.0,0,2,3,2,29,2,7,0,7,1,14.3,1.18,0.17,0.14,1.0
Robert Skov,DEN,"DF,MF",Union Berlin,28,15,11,852,9.5,2,2,4,1,1,1,1,0,1.7,0.9,2.4,3.3,25,36,45,0.21,0.21,0.42,0.11,0.32,0.18,0.25,0.43,0.1,0.35,4.0,0,14,10,1,62,9,10,0,17,6,35.3,1.8,0.63,0.06,0.17
Steven Skrzybski,GER,"MF,FW",Holstein Kiel,31,24,15,1323,14.7,6,3,9,5,1,1,0,0,3.5,2.7,2.9,5.6,17,64,71,0.41,0.2,0.61,0.34,0.54,0.24,0.2,0.44,0.19,0.38,1.0,0,16,22,2,30,13,8,0,33,13,39.4,2.24,0.88,0.15,0.38
Eric Smith,SWE,"DF,MF",St. Pauli,27,32,32,2827,31.4,1,1,2,1,0,0,7,0,1.4,1.4,1.5,2.9,16,118,11,0.03,0.03,0.06,0.03,0.06,0.05,0.05,0.09,0.05,0.09,5.0,0,27,24,3,100,37,27,0,24,9,37.5,0.76,0.29,0.04,0.11
Anton Stach,GER,"MF,DF",Hoffenheim,25,30,29,2585,28.7,1,2,3,1,0,0,8,0,2.0,2.0,2.2,4.2,33,152,36,0.03,0.07,0.1,0.03,0.1,0.07,0.08,0.15,0.07,0.15,14.0,0,39,34,0,23,49,47,0,35,10,28.6,1.22,0.35,0.03,0.1
Jens Stage,DEN,MF,Werder Bremen,27,28,26,2204,24.5,10,5,15,10,0,0,10,0,7.2,7.2,2.8,10.0,28,104,89,0.41,0.2,0.61,0.41,0.61,0.29,0.12,0.41,0.29,0.41,14.0,0,37,30,4,24,18,29,0,44,15,34.1,1.8,0.61,0.23,0.67
Josip Stanisic,CRO,DF,Bayern Munich,24,14,9,876,9.7,0,2,2,0,0,0,0,0,0.3,0.3,1.5,1.8,20,76,30,0.0,0.21,0.21,0.0,0.21,0.03,0.15,0.18,0.03,0.18,32.0,0,2,4,0,11,5,11,0,2,0,0.0,0.21,0.0,0.0,0.0
Niklas Stark,GER,DF,Werder Bremen,29,26,25,2106,23.4,0,1,1,0,0,0,6,1,1.1,1.1,0.1,1.2,7,62,3,0.0,0.04,0.04,0.0,0.04,0.05,0.0,0.05,0.05,0.05,4.0,1,30,28,2,4,36,24,0,12,3,25.0,0.51,0.13,0.0,0.0
Pascal Stenzel,GER,DF,Stuttgart,28,10,4,290,3.2,0,0,0,0,0,0,0,0,0.3,0.3,0.6,0.9,2,12,16,0.0,0.0,0.0,0.0,0.0,0.1,0.17,0.28,0.1,0.28,2.0,0,4,2,0,27,2,2,0,8,2,25.0,2.48,0.62,0.0,0.0
Leonidas Stergiou,SUI,DF,Stuttgart,22,12,11,852,9.5,1,2,3,1,0,0,0,1,1.1,1.1,0.9,2.0,11,39,32,0.11,0.21,0.32,0.11,0.32,0.11,0.1,0.21,0.11,0.21,5.0,0,6,0,1,14,14,11,0,3,1,33.3,0.32,0.11,0.33,1.0
Finley Stevens,WAL,DF,St. Pauli,21,1,0,1,0.0,0,0,0,0,0,0,0,0,0.0,0.0,0.0,0.0,0,0,0,0.0,0.0,0.0,0.0,0.0,0.0,0.0,0.0,0.0,0.0,0.5,0,0,0,0,0,0,0,0,0,0,0.0,0.0,0.0,0.0,0.0
Angelo Stiller,GER,MF,Stuttgart,23,32,31,2741,30.5,1,8,9,1,0,0,6,0,1.8,1.8,7.2,9.0,39,289,69,0.03,0.26,0.3,0.03,0.3,0.06,0.24,0.29,0.06,0.29,45.0,0,21,48,1,94,26,26,1,21,4,19.0,0.69,0.13,0.05,0.25
Kevin Stoger,AUT,MF,Gladbach,30,31,16,1551,17.2,3,3,6,1,2,2,3,0,3.9,2.3,5.3,7.6,40,121,95,0.17,0.17,0.35,0.06,0.23,0.22,0.31,0.53,0.13,0.44,3.5,0,22,40,1,114,14,20,0,26,12,46.2,1.51,0.7,0.04,0.08
Niklas Sule,GER,DF,Dortmund,28,15,12,1053,11.7,0,0,0,0,0,0,1,0,0.6,0.6,0.1,0.7,15,47,10,0.0,0.0,0.0,0.0,0.0,0.05,0.01,0.06,0.05,0.06,8.0,0,5,2,0,1,3,12,0,9,2,22.2,0.77,0.17,0.0,0.0
Mattias Svanberg,SWE,MF,Wolfsburg,25,20,14,1219,13.5,3,1,4,3,0,0,4,0,3.6,3.6,1.7,5.4,11,36,39,0.22,0.07,0.3,0.22,0.3,0.27,0.13,0.4,0.27,0.4,12.0,0,16,22,0,34,15,10,0,21,8,38.1,1.55,0.59,0.14,0.38
Daniel Svensson,SWE,"DF,FW",Dortmund,22,12,8,781,8.7,1,3,4,1,0,0,0,0,0.8,0.8,1.2,1.9,11,41,51,0.12,0.35,0.46,0.12,0.46,0.09,0.14,0.22,0.09,0.22,12.0,0,4,7,1,36,5,11,0,6,2,33.3,0.69,0.23,0.17,0.5
Haris Tabakovic,BIH,FW,Hoffenheim,30,22,6,821,9.1,3,1,4,3,0,0,0,0,3.3,3.3,1.2,4.6,4,7,45,0.33,0.11,0.44,0.33,0.44,0.37,0.14,0.5,0.37,0.5,2.5,0,15,8,11,4,1,0,0,30,10,33.3,3.29,1.1,0.1,0.3
Jonathan Tah,GER,DF,Leverkusen,28,33,33,2970,33.0,3,0,3,3,0,0,3,0,1.1,1.1,0.4,1.5,15,169,9,0.09,0.0,0.09,0.09,0.09,0.03,0.01,0.05,0.03,0.05,30.0,0,16,5,0,7,37,14,0,24,7,29.2,0.73,0.21,0.13,0.43
Edmond Tapsoba,BFA,DF,Leverkusen,25,29,29,2507,27.9,0,0,0,0,0,0,4,0,1.1,1.1,0.2,1.3,52,164,17,0.0,0.0,0.0,0.0,0.0,0.04,0.01,0.05,0.04,0.05,35.0,0,34,6,1,8,24,21,1,21,2,9.5,0.75,0.07,0.0,0.0
Mathys Tel,FRA,"FW,MF",Bayern Munich,19,8,2,256,2.8,0,1,1,0,0,0,0,0,0.7,0.7,0.3,1.0,6,9,34,0.0,0.35,0.35,0.0,0.35,0.26,0.1,0.36,0.26,0.36,35.0,0,5,6,1,5,1,1,0,10,3,30.0,3.52,1.05,0.0,0.0
Nathan Tella,NGA,"MF,FW",Leverkusen,25,27,17,1359,15.1,2,4,6,2,0,0,1,0,3.1,3.1,1.5,4.6,38,22,130,0.13,0.26,0.4,0.13,0.4,0.2,0.1,0.31,0.2,0.31,15.0,0,22,32,10,25,5,11,0,28,11,39.3,1.85,0.73,0.07,0.18
Martin Terrier,FRA,"MF,FW",Leverkusen,27,15,7,584,6.5,2,1,3,2,0,0,1,0,2.4,2.4,0.9,3.3,11,14,35,0.31,0.15,0.46,0.31,0.46,0.38,0.14,0.52,0.38,0.52,17.0,0,2,9,2,5,1,2,0,16,6,37.5,2.47,0.92,0.13,0.33
Arthur Theate,BEL,DF,Eint Frankfurt,24,31,31,2704,30.0,0,0,0,0,0,0,6,1,2.4,2.4,1.0,3.4,50,171,24,0.0,0.0,0.0,0.0,0.0,0.08,0.03,0.11,0.08,0.11,24.0,1,14,23,1,26,36,24,0,36,9,25.0,1.2,0.3,0.0,0.0
Norman Theuerkauf,GER,MF,Heidenheim,37,1,0,22,0.2,0,0,0,0,0,0,0,0,0.0,0.0,0.0,0.0,0,2,0,0.0,0.0,0.0,0.0,0.0,0.14,0.0,0.14,0.14,0.14,0.175,0,1,0,0,0,0,0,0,1,0,0.0,4.09,0.0,0.0,0.0
Denis Thomalla,GER,MF,Heidenheim,31,1,0,4,0.0,0,0,0,0,0,0,0,0,0.0,0.0,0.0,0.0,0,0,0,0.0,0.0,0.0,0.0,0.0,0.0,0.0,0.0,0.0,0.0,0.45,0,0,0,0,0,0,0,0,0,0,0.0,0.0,0.0,0.0,0.0
Phillip Tietz,GER,FW,Augsburg,27,34,19,1686,18.7,7,2,9,6,1,1,4,0,6.1,5.3,1.2,6.5,8,29,113,0.37,0.11,0.48,0.32,0.43,0.33,0.07,0.39,0.28,0.35,5.0,0,36,12,15,2,5,6,0,51,20,39.2,2.72,1.07,0.12,0.3
Umut Tohumcu,GER,"MF,FW",Hoffenheim,19,12,3,375,4.2,0,1,1,0,0,0,3,0,0.1,0.1,0.4,0.5,3,13,5,0.0,0.24,0.24,0.0,0.24,0.03,0.09,0.12,0.03,0.12,6.0,0,6,6,0,8,3,6,0,3,1,33.3,0.72,0.24,0.0,0.0
John Tolkin,USA,"DF,MF",Holstein Kiel,22,11,9,737,8.2,0,2,2,0,0,0,0,0,0.1,0.1,0.7,0.7,6,17,12,0.0,0.24,0.24,0.0,0.24,0.01,0.08,0.09,0.01,0.09,2.5,0,2,9,0,37,8,11,0,2,0,0.0,0.24,0.0,0.0,0.0
Tiago Tomas,POR,"FW,MF",Wolfsburg,22,32,23,1884,20.9,6,1,7,6,0,0,7,0,5.4,5.4,2.6,8.1,31,50,125,0.29,0.05,0.33,0.29,0.33,0.26,0.13,0.38,0.26,0.38,12.0,0,30,50,6,21,10,19,0,42,20,47.6,2.01,0.96,0.14,0.3
Keke Topp,GER,"FW,MF",Werder Bremen,20,19,1,252,2.8,2,2,4,2,0,0,1,0,1.0,1.0,2.0,3.0,10,9,27,0.71,0.71,1.43,0.71,1.43,0.35,0.72,1.08,0.35,1.08,4.0,0,8,6,2,6,1,1,0,7,4,57.1,2.5,1.43,0.29,0.5
Bazoumana Toure,CIV,"FW,MF",Hoffenheim,18,13,7,609,6.8,0,3,3,0,0,0,1,0,1.4,1.4,1.9,3.3,24,14,56,0.0,0.44,0.44,0.0,0.44,0.21,0.28,0.49,0.21,0.49,9.0,0,13,3,7,25,3,10,0,19,5,26.3,2.81,0.74,0.0,0.0
Lucas Tousart,FRA,MF,Union Berlin,27,15,6,561,6.2,0,1,1,0,0,0,2,0,0.4,0.4,0.5,0.8,4,18,13,0.0,0.16,0.16,0.0,0.16,0.06,0.07,0.14,0.06,0.14,2.5,0,11,6,0,2,6,9,0,9,5,55.6,1.44,0.8,0.0,0.0
Omar Traore,GER,DF,Heidenheim,26,30,30,2616,29.1,0,1,1,0,0,0,7,0,0.5,0.5,1.6,2.2,103,117,115,0.0,0.03,0.03,0.0,0.03,0.02,0.06,0.07,0.02,0.07,4.0,0,23,37,1,107,21,28,0,16,3,18.8,0.55,0.1,0.0,0.0
Kevin Trapp,GER,GK,Eint Frankfurt,34,26,26,2295,25.5,0,0,0,0,0,0,0,0,0.0,0.0,0.0,0.0,0,1,0,0.0,0.0,0.0,0.0,0.0,0.0,0.0,0.0,0.0,0.0,2.5,0,0,1,0,0,0,0,0,0,0,0.0,0.0,0.0,0.0,0.0
Philipp Treu,GER,"MF,DF",St. Pauli,23,33,33,2881,32.0,0,2,2,0,0,0,2,0,1.2,1.2,2.5,3.7,58,105,117,0.0,0.06,0.06,0.0,0.06,0.04,0.08,0.12,0.04,0.12,5.0,0,20,36,2,59,22,43,1,18,4,22.2,0.56,0.12,0.0,0.0
Christopher Trimmel,AUT,"DF,MF",Union Berlin,37,26,20,1740,19.3,0,3,3,0,0,0,5,0,0.2,0.2,2.1,2.3,18,73,45,0.0,0.16,0.16,0.0,0.16,0.01,0.11,0.12,0.01,0.12,0.6,0,14,5,1,109,17,24,0,9,3,33.3,0.47,0.16,0.0,0.0
Tuta,BRA,"DF,MF",Eint Frankfurt,25,30,26,2274,25.3,2,1,3,2,0,0,8,0,1.1,1.1,0.3,1.4,11,78,12,0.08,0.04,0.12,0.08,0.12,0.04,0.01,0.06,0.04,0.06,15.0,0,30,9,0,2,42,26,1,12,5,41.7,0.47,0.2,0.17,0.4
Lukas Ullrich,GER,DF,Gladbach,20,26,24,1903,21.1,1,2,3,1,0,0,4,0,0.9,0.9,1.8,2.7,31,39,71,0.05,0.09,0.14,0.05,0.14,0.04,0.09,0.13,0.04,0.13,8.0,0,22,17,0,47,20,15,0,8,2,25.0,0.38,0.09,0.13,0.5
Sven Ulreich,GER,GK,Bayern Munich,35,1,1,90,1.0,0,0,0,0,0,0,0,0,0.0,0.0,0.0,0.0,0,0,0,0.0,0.0,0.0,0.0,0.0,0.0,0.0,0.0,0.0,0.0,0.5,0,0,0,0,0,0,0,0,0,0,0.0,0.0,0.0,0.0,0.0
Deniz Undav,GER,"FW,MF",Stuttgart,28,27,20,1726,19.2,9,3,12,9,0,0,4,0,11.7,11.7,3.6,15.2,31,70,141,0.47,0.16,0.63,0.47,0.63,0.61,0.19,0.79,0.61,0.79,20.0,0,25,22,12,11,2,10,0,75,31,41.3,3.91,1.62,0.12,0.29
Dayot Upamecano,FRA,DF,Bayern Munich,25,20,20,1759,19.5,2,0,2,2,0,0,6,0,1.2,1.2,0.5,1.7,17,137,4,0.1,0.0,0.1,0.1,0.1,0.06,0.03,0.09,0.06,0.09,50.0,0,20,11,0,6,31,25,0,13,6,46.2,0.67,0.31,0.15,0.33
Jonas Urbig,GER,GK,Bayern Munich,20,8,8,720,8.0,0,0,0,0,0,0,0,0,0.0,0.0,0.0,0.0,0,3,0,0.0,0.0,0.0,0.0,0.0,0.0,0.0,0.0,0.0,0.0,12.0,0,0,0,0,0,0,0,0,0,0,0.0,0.0,0.0,0.0,0.0
Can Uzun,TUR,"MF,FW",Eint Frankfurt,18,20,6,675,7.5,4,1,5,4,0,0,1,0,3.0,3.0,1.1,4.1,11,42,45,0.53,0.13,0.67,0.53,0.67,0.4,0.15,0.55,0.4,0.55,18.0,0,8,16,0,17,1,3,0,27,11,40.7,3.6,1.47,0.15,0.36
Josha Vagnoman,GER,"DF,MF",Stuttgart,23,26,19,1834,20.4,1,1,2,1,0,0,4,0,1.5,1.5,2.1,3.5,24,47,96,0.05,0.05,0.1,0.05,0.1,0.07,0.1,0.17,0.07,0.17,10.0,0,18,20,0,44,14,13,0,15,7,46.7,0.74,0.34,0.07,0.14
Siebe Van Der Heyden,BEL,"DF,MF",St. Pauli,26,13,11,872,9.7,1,0,1,1,0,0,4,1,1.7,1.7,0.0,1.8,10,28,26,0.1,0.0,0.1,0.1,0.1,0.18,0.0,0.18,0.18,0.18,2.5,1,16,9,0,18,15,10,0,3,2,66.7,0.31,0.21,0.33,0.5
Maarten Vandevoordt,BEL,GK,RB Leipzig,22,6,4,429,4.8,0,0,0,0,0,0,0,0,0.0,0.0,0.0,0.0,0,4,0,0.0,0.0,0.0,0.0,0.0,0.0,0.0,0.0,0.0,0.0,8.0,0,0,0,0,0,0,0,0,0,0,0.0,0.0,0.0,0.0,0.0
Ruben Vargas,SUI,"MF,FW",Augsburg,25,8,3,305,3.4,0,0,0,0,0,0,3,0,0.7,0.7,0.7,1.4,9,13,24,0.0,0.0,0.0,0.0,0.0,0.2,0.2,0.4,0.2,0.4,7.0,0,5,3,0,14,2,1,0,9,1,11.1,2.66,0.3,0.0,0.0
Nikola Vasilj,BIH,GK,St. Pauli,28,33,33,2969,33.0,0,0,0,0,0,0,2,1,0.0,0.0,0.0,0.0,0,0,0,0.0,0.0,0.0,0.0,0.0,0.0,0.0,0.0,0.0,0.0,3.5,1,1,1,0,0,0,0,0,0,0,0.0,0.0,0.0,0.0,0.0
Denis Vavro,SVK,DF,Wolfsburg,28,29,27,2461,27.3,2,0,2,2,0,0,4,0,1.4,1.4,0.2,1.6,9,96,3,0.07,0.0,0.07,0.07,0.07,0.05,0.01,0.06,0.05,0.06,7.0,0,7,5,0,8,36,13,0,25,7,28.0,0.91,0.26,0.08,0.29
Milos Veljkovic,SRB,DF,Werder Bremen,28,14,11,1029,11.4,0,1,1,0,0,0,1,0,0.6,0.6,0.2,0.7,9,64,2,0.0,0.09,0.09,0.0,0.09,0.05,0.01,0.06,0.05,0.06,3.0,0,5,3,2,9,3,5,0,2,1,50.0,0.17,0.09,0.0,0.0
Nikolas Veratschnig,AUT,"DF,MF",Mainz 05,21,15,2,364,4.0,0,0,0,0,0,0,1,0,0.2,0.2,0.3,0.5,7,7,30,0.0,0.0,0.0,0.0,0.0,0.06,0.08,0.13,0.06,0.13,1.5,0,9,6,4,7,4,7,0,7,1,14.3,1.73,0.25,0.0,0.0
Arthur Vermeeren,BEL,MF,RB Leipzig,19,28,18,1572,17.5,0,2,2,0,0,0,7,0,0.4,0.4,0.9,1.3,14,77,20,0.0,0.11,0.11,0.0,0.11,0.02,0.05,0.07,0.02,0.07,22.0,0,22,1,0,3,23,20,0,4,1,25.0,0.23,0.06,0.0,0.0
Yorbe Vertessen,BEL,"MF,FW",Union Berlin,23,17,7,718,8.0,1,0,1,1,0,0,2,0,1.3,1.3,1.6,2.9,18,16,42,0.13,0.0,0.13,0.13,0.13,0.16,0.2,0.36,0.16,0.36,6.0,0,14,17,2,23,3,4,0,27,5,18.5,3.38,0.63,0.04,0.2
Gabriel Vidovic,CRO,MF,Mainz 05,20,5,0,28,0.3,0,0,0,0,0,0,0,0,0.2,0.2,0.0,0.2,0,0,5,0.0,0.0,0.0,0.0,0.0,0.67,0.0,0.67,0.67,0.67,3.0,0,0,2,0,0,0,0,0,2,0,0.0,6.67,0.0,0.0,0.0
Kevin Vogt,GER,DF,Union Berlin,32,18,16,1367,15.2,1,0,1,0,1,1,6,0,0.8,0.0,0.0,0.0,11,70,2,0.07,0.0,0.07,0.0,0.0,0.05,0.0,0.05,0.0,0.0,1.0,0,10,7,0,0,9,7,0,1,1,100.0,0.07,0.07,0.0,0.0
Kevin Volland,GER,"FW,MF",Union Berlin,32,4,0,61,0.7,0,0,0,0,0,0,1,0,0.0,0.0,0.1,0.1,0,2,4,0.0,0.0,0.0,0.0,0.0,0.0,0.08,0.08,0.0,0.08,0.7,0,3,0,0,0,0,0,0,0,0,0.0,0.0,0.0,0.0,0.0
Aster Vranckx,BEL,MF,Wolfsburg,21,14,6,556,6.2,0,0,0,0,0,0,1,0,0.0,0.0,0.0,0.0,5,20,6,0.0,0.0,0.0,0.0,0.0,0.0,0.01,0.01,0.0,0.01,7.0,0,12,11,0,3,10,6,0,0,0,0.0,0.0,0.0,0.0,0.0
Robert Wagner,GER,MF,St. Pauli,21,12,5,407,4.5,0,0,0,0,0,0,1,0,0.1,0.1,0.0,0.1,1,10,9,0.0,0.0,0.0,0.0,0.0,0.02,0.0,0.02,0.02,0.02,3.0,0,6,5,0,2,2,4,0,2,0,0.0,0.44,0.0,0.0,0.0
Elye Wahi,FRA,"FW,MF",Eint Frankfurt,21,8,1,196,2.2,0,0,0,0,0,0,1,0,1.3,1.3,0.1,1.4,6,5,19,0.0,0.0,0.0,0.0,0.0,0.58,0.04,0.62,0.58,0.62,22.0,0,2,3,4,5,0,0,0,9,2,22.2,4.13,0.92,0.0,0.0
Hauke Wahl,GER,DF,St. Pauli,30,33,33,2970,33.0,0,0,0,0,0,0,1,0,0.9,0.9,0.5,1.4,30,142,10,0.0,0.0,0.0,0.0,0.0,0.03,0.02,0.04,0.03,0.04,1.5,0,13,15,2,8,29,29,0,11,4,36.4,0.33,0.12,0.0,0.0
Paul Wanner,GER,"MF,FW",Heidenheim,18,29,20,1771,19.7,3,2,5,2,1,1,2,0,3.7,2.9,1.3,4.1,28,64,65,0.15,0.1,0.25,0.1,0.2,0.19,0.06,0.25,0.15,0.21,18.0,0,23,18,1,54,3,28,0,25,6,24.0,1.27,0.3,0.08,0.33
Kjell-Arik Watjen,GER,MF,Dortmund,18,2,0,16,0.2,0,0,0,0,0,0,0,0,0.0,0.0,0.0,0.0,0,0,0,0.0,0.0,0.0,0.0,0.0,0.0,0.0,0.0,0.0,0.0,2.5,0,0,1,0,0,0,0,0,0,0,0.0,0.0,0.0,0.0,0.0
Julian Weigl,GER,MF,Gladbach,28,33,33,2881,32.0,0,2,2,0,0,0,8,0,0.7,0.7,1.1,1.9,11,122,9,0.0,0.06,0.06,0.0,0.06,0.02,0.03,0.06,0.02,0.06,6.0,0,23,24,0,10,51,26,0,19,6,31.6,0.59,0.19,0.0,0.0
Timon Weiner,GER,GK,Holstein Kiel,25,25,25,2250,25.0,0,0,0,0,0,0,4,0,0.0,0.0,0.0,0.0,0,0,0,0.0,0.0,0.0,0.0,0.0,0.0,0.0,0.0,0.0,0.0,1.0,0,2,3,0,0,0,0,0,0,0,0.0,0.0,0.0,0.0,0.0
Nelson Weiper,GER,"FW,MF",Mainz 05,19,23,7,704,7.8,3,2,5,3,0,0,2,0,4.1,4.1,1.9,6.0,12,13,62,0.38,0.26,0.64,0.38,0.64,0.52,0.25,0.77,0.52,0.77,10.0,0,19,0,7,6,2,4,0,23,13,56.5,2.94,1.66,0.13,0.23
Mitchell Weiser,GER,"DF,MF",Werder Bremen,30,32,32,2868,31.9,5,9,14,5,0,0,9,1,5.4,5.4,4.7,10.1,65,125,200,0.16,0.28,0.44,0.16,0.44,0.17,0.15,0.32,0.17,0.32,5.0,1,30,45,1,80,22,42,0,43,15,34.9,1.35,0.47,0.12,0.33
Noah Weisshaupt,GER,FW,Freiburg,22,22,13,1240,13.8,1,0,1,1,0,0,0,0,2.1,2.1,1.8,3.9,50,39,104,0.07,0.0,0.07,0.07,0.07,0.15,0.13,0.28,0.15,0.28,5.0,0,11,48,6,80,1,6,0,19,4,21.05,1.38,0.29,0.05,0.25
Silvan Widmer,SUI,DF,Mainz 05,31,27,3,504,5.6,0,1,1,0,0,0,3,0,0.3,0.3,0.4,0.7,3,23,36,0.0,0.18,0.18,0.0,0.18,0.06,0.07,0.13,0.06,0.13,1.2,0,5,4,2,12,5,5,0,3,1,33.3,0.54,0.18,0.0,0.0
Patrick Wimmer,AUT,"MF,FW",Wolfsburg,23,29,22,1770,19.7,3,4,7,3,0,0,5,1,3.7,3.7,2.9,6.7,46,91,75,0.15,0.2,0.36,0.15,0.36,0.19,0.15,0.34,0.19,0.34,15.0,0,35,40,6,44,34,33,0,42,10,23.8,2.14,0.51,0.07,0.3
Jonas Wind,DEN,"FW,MF",Wolfsburg,25,31,21,1966,21.8,9,3,12,8,1,2,2,0,5.7,4.0,4.2,8.1,17,100,94,0.41,0.14,0.55,0.37,0.5,0.26,0.19,0.45,0.18,0.37,12.0,0,15,40,4,7,6,6,0,40,13,32.5,1.83,0.6,0.2,0.62
Florian Wirtz,GER,"MF,FW",Leverkusen,21,31,25,2351,26.1,10,12,22,8,2,4,3,0,9.4,6.1,7.0,13.1,131,176,309,0.38,0.46,0.84,0.31,0.77,0.36,0.27,0.63,0.23,0.5,140.0,0,22,39,11,102,9,22,0,78,39,50.0,2.99,1.49,0.1,0.21
Dani de Wit,NED,"MF,FW",Bochum,26,28,11,1153,12.8,2,1,3,2,0,0,1,0,2.1,2.1,0.5,2.7,5,33,37,0.16,0.08,0.23,0.16,0.23,0.17,0.04,0.21,0.17,0.21,2.5,0,24,12,8,8,12,18,0,20,7,35.0,1.56,0.55,0.1,0.29
Maximilian Wittek,GER,DF,Bochum,28,33,32,2706,30.1,0,0,0,0,0,0,8,0,1.4,1.4,4.4,5.7,47,141,83,0.0,0.0,0.0,0.0,0.0,0.04,0.14,0.19,0.04,0.19,1.5,0,34,34,0,166,26,40,0,41,7,17.1,1.36,0.23,0.0,0.0
Marius Wolf,GER,DF,Augsburg,29,32,28,2144,23.8,1,3,4,1,0,0,2,0,0.7,0.7,3.2,3.9,36,117,95,0.04,0.13,0.17,0.04,0.17,0.03,0.14,0.16,0.03,0.16,3.0,0,19,14,4,113,26,15,0,12,2,16.7,0.5,0.08,0.08,0.5
Nick Woltemade,GER,"FW,MF",Stuttgart,22,28,17,1622,18.0,12,2,14,10,2,3,5,1,10.2,8.0,4.6,12.6,31,52,141,0.67,0.11,0.78,0.55,0.67,0.57,0.25,0.82,0.44,0.7,30.0,1,24,35,6,6,1,6,0,49,26,53.1,2.72,1.44,0.2,0.38
Jeong Woo-yeong,KOR,"MF,FW",Union Berlin,24,23,17,1263,14.0,3,2,5,3,0,0,2,0,2.8,2.8,1.7,4.4,32,63,93,0.21,0.14,0.36,0.21,0.36,0.2,0.12,0.31,0.2,0.31,4.0,0,16,15,4,37,11,7,0,25,6,24.0,1.78,0.43,0.12,0.5
Granit Xhaka,SUI,MF,Leverkusen,31,33,33,2888,32.1,2,7,9,2,0,0,3,0,0.9,0.9,4.4,5.3,42,318,72,0.06,0.22,0.28,0.06,0.28,0.03,0.14,0.17,0.03,0.17,12.0,0,34,34,0,30,11,27,1,21,3,14.3,0.65,0.09,0.1,0.67
Erencan Yardimci,TUR,"FW,MF",Hoffenheim,22,8,3,313,3.5,0,0,0,0,0,0,2,0,1.0,1.0,0.0,1.0,4,4,12,0.0,0.0,0.0,0.0,0.0,0.3,0.0,0.3,0.3,0.3,2.5,0,8,5,5,1,1,3,0,5,1,20.0,1.44,0.29,0.0,0.0
Dan-Axel Zagadou,FRA,"DF,MF",Stuttgart,25,2,0,29,0.3,0,0,0,0,0,0,1,0,0.0,0.0,0.0,0.0,0,0,0,0.0,0.0,0.0,0.0,0.0,0.0,0.0,0.0,0.0,0.0,2.0,0,1,0,0,0,1,0,0,0,0,0.0,0.0,0.0,0.0,0.0
David Zec,SVN,DF,Holstein Kiel,24,18,18,1541,17.1,2,0,2,2,0,0,5,0,1.2,1.2,0.5,1.8,3,34,2,0.12,0.0,0.12,0.12,0.12,0.07,0.03,0.1,0.07,0.1,2.5,0,21,8,3,1,14,10,0,11,5,45.5,0.64,0.29,0.18,0.4
Robin Zentner,GER,GK,Mainz 05,29,32,32,2880,32.0,0,0,0,0,0,0,3,0,0.0,0.0,0.3,0.3,0,2,0,0.0,0.0,0.0,0.0,0.0,0.0,0.01,0.01,0.0,0.01,4.0,0,1,2,0,0,0,1,0,1,0,0.0,0.03,0.0,0.0,0.0
Cedric Zesiger,SUI,DF,Wolfsburg,26,22,20,1743,19.4,0,2,2,0,0,0,11,1,1.3,1.3,1.3,2.6,7,59,9,0.0,0.1,0.1,0.0,0.1,0.07,0.07,0.13,0.07,0.13,7.0,1,29,12,0,15,25,16,0,12,3,25.0,0.62,0.15,0.0,0.0
Michael Zetterer,GER,GK,Werder Bremen,29,34,34,3060,34.0,0,0,0,0,0,0,2,0,0.0,0.0,0.0,0.0,0,3,0,0.0,0.0,0.0,0.0,0.0,0.0,0.0,0.0,0.0,0.0,4.5,0,0,6,0,0,1,0,0,0,0,0.0,0.0,0.0,0.0,0.0
Budu Zivzivadze,GEO,FW,Heidenheim,30,15,10,958,10.6,2,3,5,2,0,0,0,0,1.7,1.7,1.5,3.2,11,20,43,0.19,0.28,0.47,0.19,0.47,0.16,0.14,0.3,0.16,0.3,2.0,0,9,15,6,5,2,11,0,22,10,45.5,2.07,0.94,0.09,0.2
