Age,MP,Starts,Min,90s,Gls,Ast,G+A,G-PK,PK,PKatt,CrdY,CrdR,Gls.1,Ast.1,G+A.1,G-PK.1,G+A-PK,2CrdY,Fls,Fld,Off,Crs,Int,TklW,OG,Sh,SoT,SoT%,Sh/90,SoT/90,G/Sh,G/SoT,league_ES1,league_FR1,league_GB1,league_IT1,league_L1,league_NL1,league_PO1,league_RU1
0.23164322389514155,0.161354724892395,0.6422355050978176,0.6480266320608523,0.6459417155251727,1.9254519726705213,0.2639725069425075,1.17715070591874,1.9254519726705213,0.0,0.0,1.2538050796039246,-0.35540932665545544,0.9528789703875179,0.013923551950335778,0.7456874632493161,0.9677844283133622,0.7456874632493161,-0.264575131106459,0.886445676905139,0.8921118974012213,-0.23304815420043412,0.2569774112810963,-0.3967786760451675,0.4770041299637792,0.0,1.3732680880307173,0.7320838027192245,-0.2764524064239136,0.7175563735891232,0.17198909245661256,0.4851509091247138,1.2577317712035185,-0.38799179683158525,-0.338501600193165,-0.32108064953396775,-0.32108064953396775,-0.35540932665545544,-0.338501600193165,-0.43461349368017654,2.577374078952674
0.23164322389514155,1.4481837109907503,1.8102672169187777,1.8869598899422737,1.8881001141088516,3.2989410465088267,1.3298237613896136,2.6044042530383456,3.2989410465088267,0.0,0.0,0.20296583534058305,-0.35540932665545544,0.9528789703875179,0.3063152446633573,0.8706319630878384,0.9677844283133622,0.8706319630878384,-0.264575131106459,-0.5430899286540151,-0.15455447345328172,-0.23304815420043412,-0.23603385697945856,2.833517284366032,0.799630184996171,0.0,3.2611441319615966,3.8924916888097085,0.6100712424099378,0.9647632316297047,1.1323067734908194,0.37528604716419667,0.23887795654523702,2.577374078952674,-0.338501600193165,-0.32108064953396775,-0.32108064953396775,-0.35540932665545544,-0.338501600193165,-0.43461349368017654,-0.38799179683158525
1.1669573732075995,0.5902977202585135,0.5448995291127375,0.35008446512372315,0.3457534358674505,-0.821526175006089,-0.8018787475045984,-0.9637296147606682,-0.821526175006089,0.0,0.0,-0.8478734089227585,-0.35540932665545544,-0.7098440766312715,-0.8632515261887289,-1.003535534489999,-0.6998478126632078,-1.003535534489999,-0.264575131106459,0.10020109384760426,-0.15455447345328172,0.8059581999431679,-0.48253949110973593,0.06469217544214674,0.4770041299637792,0.0,-0.042638944917442,-0.3966332994559486,-0.5350218040004535,-0.3294373781121636,-0.5482491683190425,-0.8332274344014929,-0.9571678258797024,-0.38799179683158525,-0.338501600193165,-0.32108064953396775,-0.32108064953396775,2.8136571693556887,-0.338501600193165,-0.43461349368017654,-0.38799179683158525
1.868442985191943,0.3758262225754542,-0.23378827876790242,-0.05714150821891672,-0.05794804367224508,-0.821526175006089,-0.26895312028104545,-0.6069162279807668,-0.821526175006089,0.0,0.0,0.5532455834283636,-0.35540932665545544,-0.7098440766312715,-0.1810042431916785,-0.5662297850551702,-0.6998478126632078,-0.5662297850551702,-0.264575131106459,-0.32865958782014193,-0.3638877476241823,-0.23304815420043412,-0.348081872493221,-0.31986686746394843,-0.7489748791593094,0.0,-0.9865769668828817,-0.8481201403260179,0.2837812883252562,-1.2019321711965694,-0.856922708651466,-0.8332274344014929,-0.9571678258797024,-0.38799179683158525,-0.338501600193165,-0.32108064953396775,-0.32108064953396775,-0.35540932665545544,-0.338501600193165,2.3008949665421112,-0.38799179683158525
0.46547176122325606,-0.16035252163219382,-0.8178041346783824,-0.7876174773504883,-0.7825404428460576,-0.821526175006089,-0.8018787475045984,-0.9637296147606682,-0.821526175006089,0.0,0.0,0.20296583534058305,2.8136571693556887,-0.7098440766312715,-0.8632515261887289,-1.003535534489999,-0.6998478126632078,-1.003535534489999,-0.264575131106459,-0.32865958782014193,-0.7127765379090166,-0.7525513312722351,-0.7962739345482709,-0.3967786760451675,-0.8135000901657877,0.0,-0.3572849522392552,-0.8481201403260179,-1.2060709548538548,0.5430574149722419,-0.6511403484298504,-0.8332274344014929,-0.9571678258797024,-0.38799179683158525,-0.338501600193165,-0.32108064953396775,-0.32108064953396775,-0.35540932665545544,-0.338501600193165,2.3008949665421112,-0.38799179683158525
-0.469842388089202,0.054118976050865394,0.3502275771425776,0.30407023084771867,0.304348155914661,-0.821526175006089,1.3298237613896136,0.4635239323589373,-0.821526175006089,0.0,0.0,-0.8478734089227585,-0.35540932665545544,-0.7098440766312715,1.2809542203734294,0.3708539637337485,-0.6998478126632078,0.3708539637337485,-0.264575131106459,-0.042752466708311156,-0.7127765379090166,1.3254613770149688,0.12251979266458132,-0.012219633139072296,-0.23277319110748262,0.0,-0.19996194857834862,-0.3966332994559486,-0.3441729629320549,-0.46031159707482455,-0.5482491683190425,-0.8332274344014929,-0.9571678258797024,2.577374078952674,-0.338501600193165,-0.32108064953396775,-0.32108064953396775,-0.35540932665545544,-0.338501600193165,-0.43461349368017654,-0.38799179683158525
1.1669573732075995,0.4830619714169838,0.8369074570679775,0.6169670239245493,0.6148877555605806,0.5519628988322162,-0.26895312028104545,0.10671054557903593,0.5519628988322162,0.0,0.0,0.20296583534058305,-0.35540932665545544,0.12151744687812323,-0.37593203833369293,-0.12892403562034144,0.13396830782507718,-0.12892403562034144,-0.264575131106459,1.2438295782949276,0.054778800717618883,-0.23304815420043412,1.7360112160627608,0.5261630269294609,0.4770041299637792,0.0,0.5866530697261845,0.05485354141412062,-0.430362762124235,0.06318527877581898,-0.30816974806049074,0.15555632324316213,0.8147518517868745,-0.38799179683158525,-0.338501600193165,-0.32108064953396775,-0.32108064953396775,-0.35540932665545544,-0.338501600193165,-0.43461349368017654,2.577374078952674
0.6993002985513705,1.019240715624632,0.5448995291127375,0.7147472717610589,0.7184009554425539,1.2387074357513688,-0.8018787475045984,0.10671054557903593,1.2387074357513688,0.0,0.0,-0.8478734089227585,-0.35540932665545544,0.4910114573267432,-0.8632515261887289,-0.19139628553960275,0.5045532502643151,-0.19139628553960275,-0.264575131106459,0.028724313569646547,0.6827786232303207,-0.23304815420043412,-0.5945875066234985,0.2185157926045848,0.8641553960026493,0.0,0.1146840587434646,0.5063403822841899,0.7701380123382722,-0.387603697651124,-0.03379326776500317,1.1443400808878172,0.9476458276118677,-0.38799179683158525,-0.338501600193165,3.1144823004794873,-0.32108064953396775,-0.35540932665545544,-0.338501600193165,-0.43461349368017654,-0.38799179683158525
0.6993002985513705,-0.37482401931525305,-0.3311242547529824,-0.32977584630424345,-0.32708236336537544,-0.821526175006089,-0.26895312028104545,-0.6069162279807668,-0.821526175006089,0.0,0.0,-0.8478734089227585,-0.35540932665545544,-0.7098440766312715,-0.08354034562067136,-0.503757535135909,-0.6998478126632078,-0.503757535135909,-0.264575131106459,-0.9004738300438035,-0.7825542959659835,-0.7525513312722351,-0.5945875066234985,0.06469217544214674,-0.8780253011722661,0.0,-0.4359464540697085,-0.6223767198909832,-0.5350218040004535,-0.3148957982274235,-0.5482491683190425,-0.8332274344014929,-0.9571678258797024,-0.38799179683158525,2.9541957835039856,-0.32108064953396775,-0.32108064953396775,-0.35540932665545544,-0.338501600193165,-0.43461349368017654,-0.38799179683158525
-0.7036709254173165,0.6975334691000431,0.9342434330530576,1.0057873035567875,1.008237915112079,-0.821526175006089,0.2639725069425075,-0.25010284120086546,-0.821526175006089,0.0,0.0,-0.14731391274719746,-0.35540932665545544,-0.7098440766312715,-0.08354034562067136,-0.503757535135909,-0.6998478126632078,-0.503757535135909,-0.264575131106459,-0.18570602726422655,1.4503339618569562,-0.7525513312722351,0.39143502989761125,0.2185157926045848,1.0577310290220843,0.0,1.2159450843698107,1.8608009048943976,0.8132329119343619,-0.024064200532621663,0.34347439264129226,0.5950157710852312,0.4160699243118946,-0.38799179683158525,-0.338501600193165,-0.32108064953396775,-0.32108064953396775,-0.35540932665545544,-0.338501600193165,-0.43461349368017654,-0.38799179683158525
-0.937499462745431,-0.5892955169983123,-1.3044840146037824,-1.162633486699925,-1.1655392824093587,1.2387074357513688,-0.8018787475045984,0.10671054557903593,1.2387074357513688,0.0,0.0,-0.8478734089227585,-0.35540932665545544,5.848674608831731,-0.8632515261887289,3.4319942097775495,5.878034915633263,3.4319942097775495,-0.264575131106459,-0.6145667089319727,-1.061665328193851,0.28645502287136687,-0.392901078698726,-1.0889849532761389,-0.9425505121787444,0.0,-0.5146079559001618,0.05485354141412062,1.6566616611721234,1.6045927465582688,2.950050955448425,2.792313010295576,1.7007116906201627,-0.38799179683158525,2.9541957835039856,-0.32108064953396775,-0.32108064953396775,-0.35540932665545544,-0.338501600193165,-0.43461349368017654,-0.38799179683158525
-0.7036709254173165,-1.5544172565720789,-1.1098120626336225,-1.1568817074154245,-1.1551879624211612,-0.13478163808693644,-0.8018787475045984,-0.6069162279807668,-0.13478163808693644,0.0,0.0,-0.8478734089227585,-0.35540932665545544,1.4147464834482928,-0.8632515261887289,0.43332621365300983,1.4310156063624095,0.43332621365300983,-0.264575131106459,-0.8289970497658459,-1.061665328193851,-0.7525513312722351,-0.6618163159317559,-0.08913144172029133,-1.1361261451981794,0.0,-1.065238468713335,-0.8481201403260179,1.3119024644034034,-0.8093095143085868,-0.30816974806049074,4.660015663624368,3.4726313682867396,-0.38799179683158525,-0.338501600193165,-0.32108064953396775,-0.32108064953396775,-0.35540932665545544,-0.338501600193165,2.3008949665421112,-0.38799179683158525
-0.23601385076108747,1.019240715624632,1.6155952649486176,1.675294412272653,1.6707223943567078,-0.13478163808693644,1.3298237613896136,0.8203373191388387,-0.13478163808693644,0.0,0.0,-0.49759366083497797,-0.35540932665545544,-0.43272356879480656,0.4037791422343646,-0.003979535781818994,-0.42190910583377944,-0.003979535781818994,-0.264575131106459,-0.6145667089319727,1.0316674135151551,0.28645502287136687,2.565166530864603,0.8338102612543371,0.9286806070091277,0.0,0.2720070624043712,0.5063403822841899,0.49925578630570616,-0.6202689758069656,-0.34246680809742674,-0.2839031245989067,-0.33699593869640043,-0.38799179683158525,-0.338501600193165,-0.32108064953396775,-0.32108064953396775,-0.35540932665545544,-0.338501600193165,2.3008949665421112,-0.38799179683158525
-0.002185313432972955,0.054118976050865394,-0.5257962067231424,-0.3941957742906497,-0.3891902832945595,0.5519628988322162,-0.8018787475045984,-0.25010284120086546,0.5519628988322162,0.0,0.0,-0.49759366083497797,-0.35540932665545544,0.8605054677753631,-0.8632515261887289,0.058492714137442316,0.8751381927035529,0.058492714137442316,-0.264575131106459,-0.7575202694878882,-0.9221098120799173,1.8449645540867698,-0.10157623836294359,-0.5506022932076056,-0.684449668152831,0.0,0.42933006606527785,0.2805969618491552,-0.005570180391347815,1.124720610361846,0.652147932973716,0.26542118520367947,0.5046659081952235,-0.38799179683158525,-0.338501600193165,-0.32108064953396775,-0.32108064953396775,-0.35540932665545544,-0.338501600193165,-0.43461349368017654,2.577374078952674
1.1669573732075995,-1.5544172565720789,-1.4991559665739425,-1.3938550139368477,-1.3932683221496995,-0.821526175006089,-0.8018787475045984,-0.9637296147606682,-0.821526175006089,0.0,0.0,-0.8478734089227585,-0.35540932665545544,-0.7098440766312715,-0.8632515261887289,-1.003535534489999,-0.6998478126632078,-1.003535534489999,-0.264575131106459,-0.9719506103217612,-0.7127765379090166,-0.7525513312722351,-0.7962739345482709,-1.165896761857358,-1.2651765672111361,0.0,-1.2225614723742415,-1.0738635607610525,-1.7663046496030248,-1.492763768891371,-1.0970021289100178,-0.8332274344014929,-0.9571678258797024,-0.38799179683158525,-0.338501600193165,-0.32108064953396775,3.1144823004794873,-0.35540932665545544,-0.338501600193165,-0.43461349368017654,-0.38799179683158525
-1.6389850747297745,-1.4471815077305492,-1.4991559665739425,-1.467477788778455,-1.4657275620670809,-0.821526175006089,-0.8018787475045984,-0.9637296147606682,-0.821526175006089,0.0,0.0,-1.198153157010539,-0.35540932665545544,-0.7098440766312715,-0.8632515261887289,-1.003535534489999,-0.6998478126632078,-1.003535534489999,-0.264575131106459,-1.3293345117115498,-0.7825542959659835,-0.7525513312722351,-0.527358697315241,-1.319720379019796,-1.1361261451981794,0.0,-1.065238468713335,-0.8481201403260179,1.3119024644034034,0.7611811132433435,1.5781685539709869,-0.8332274344014929,-0.9571678258797024,-0.38799179683158525,-0.338501600193165,-0.32108064953396775,3.1144823004794873,-0.35540932665545544,-0.338501600193165,-0.43461349368017654,-0.38799179683158525
-0.7036709254173165,1.3409479621492206,1.0315794090381376,0.7734154204629646,0.7701575553835405,-0.821526175006089,0.2639725069425075,-0.25010284120086546,-0.821526175006089,0.0,0.0,0.9035253315161441,2.8136571693556887,-0.7098440766312715,-0.01203844696595886,-0.9762550760099725,-0.6998478126632078,-0.9762550760099725,3.779644730092272,0.9579224571830967,1.4503339618569562,-0.23304815420043412,-0.8186835376510233,0.2185157926045848,0.4124789189573009,0.0,-0.8292539632219751,-0.170889879020914,3.15882673280726,-1.1752620246830725,-0.4979268444220536,-0.8332274344014929,-0.9571678258797024,-0.38799179683158525,-0.338501600193165,-0.32108064953396775,3.1144823004794873,-0.35540932665545544,-0.338501600193165,-0.43461349368017654,-0.38799179683158525
-0.469842388089202,0.8047692179415726,0.44756355312765755,0.5974109743572474,0.5941851155841861,2.612196509589674,0.2639725069425075,1.5339640926986415,2.612196509589674,0.0,0.0,-0.14731391274719746,-0.35540932665545544,1.5071199860604476,0.013923551950335778,1.0580487128456224,1.523661841972219,1.0580487128456224,-0.264575131106459,-0.5430899286540151,2.3574448165975257,0.28645502287136687,0.7723982826444036,-0.6275141017888246,-0.3618236131204393,0.0,3.6544516411138632,2.9895180070695706,0.019055476520703524,2.7533775574527364,1.818247974229538,0.04569146128264496,0.2831759484869015,-0.38799179683158525,-0.338501600193165,-0.32108064953396775,-0.32108064953396775,-0.35540932665545544,-0.338501600193165,2.3008949665421112,-0.38799179683158525
-0.7036709254173165,1.6626552086738096,2.1996111208590974,2.2539234082934096,2.250396313695758,-0.13478163808693644,0.2639725069425075,0.10671054557903593,-0.13478163808693644,0.0,0.0,2.6549240719550466,-0.35540932665545544,-0.43272356879480656,-0.37593203833369293,-0.503757535135909,-0.42190910583377944,-0.503757535135909,-0.264575131106459,3.531086547189574,2.8458891229962937,-0.7525513312722351,-0.5945875066234985,2.295134624297499,3.4451638362617834,0.0,0.3506685642348245,-0.3966332994559486,-0.8428425154010963,-0.707518455115406,-0.82262564861453,-0.2839031245989067,0.5046659081952235,-0.38799179683158525,-0.338501600193165,3.1144823004794873,-0.32108064953396775,-0.35540932665545544,-0.338501600193165,-0.43461349368017654,-0.38799179683158525
-0.937499462745431,0.8047692179415726,1.1289153850232176,1.1564839208107023,1.1531563949468417,0.5519628988322162,-0.26895312028104545,0.10671054557903593,0.5519628988322162,0.0,0.0,0.20296583534058305,-0.35540932665545544,0.029143944265968315,-0.4733959359047001,-0.31634078537812527,0.0413220722152678,-0.31634078537812527,-0.264575131106459,0.8149688966271813,1.5898894779708899,2.364467731158571,1.2205903446994535,1.1414574955792134,1.702983139086868,0.0,0.42933006606527785,0.5063403822841899,0.2837812883252562,-0.3439789579969037,-0.2052785679496829,0.26542118520367947,0.3274739404285657,-0.38799179683158525,-0.338501600193165,-0.32108064953396775,-0.32108064953396775,-0.35540932665545544,-0.338501600193165,2.3008949665421112,-0.38799179683158525
-0.937499462745431,0.054118976050865394,-0.42846023073806244,-0.3608354544405465,-0.3581363233299675,-0.821526175006089,-0.8018787475045984,-0.9637296147606682,-0.821526175006089,0.0,0.0,-0.14731391274719746,-0.35540932665545544,-0.7098440766312715,-0.8632515261887289,-1.003535534489999,-0.6998478126632078,-1.003535534489999,-0.264575131106459,0.17167787412556196,0.8223341393442544,-0.7525513312722351,-0.10157623836294359,1.5260165384853084,0.4770041299637792,0.0,0.0360225569130113,-0.3966332994559486,-0.6088987747366078,-0.3439789579969037,-0.5825462283559785,-0.8332274344014929,-0.9571678258797024,-0.38799179683158525,-0.338501600193165,-0.32108064953396775,-0.32108064953396775,-0.35540932665545544,-0.338501600193165,-0.43461349368017654,-0.38799179683158525
-0.002185313432972955,0.9120049667831023,0.5448995291127375,0.41220368139632924,0.40786135579663424,-0.13478163808693644,0.2639725069425075,0.10671054557903593,-0.13478163808693644,0.0,0.0,1.9543645757794856,-0.35540932665545544,-0.24797656357049658,0.11138744952134305,-0.0664517857010803,-0.23661663461416052,-0.0664517857010803,-0.264575131106459,1.1723527980169697,0.12455655877458575,1.3254613770149688,0.34661582369210625,-0.4736904846263865,0.2834284969443442,0.0,-0.12130044674789531,-0.170889879020914,-0.005570180391347815,-0.44577001719008447,-0.37676386813436274,-0.06417340067787222,0.1502819726619081,-0.38799179683158525,-0.338501600193165,-0.32108064953396775,-0.32108064953396775,-0.35540932665545544,-0.338501600193165,2.3008949665421112,-0.38799179683158525
1.6346144478638287,-1.5544172565720789,-1.3044840146037824,-1.2558123111088342,-1.2587011623031343,-0.821526175006089,-0.8018787475045984,-0.9637296147606682,-0.821526175006089,0.0,0.0,-0.49759366083497797,-0.35540932665545544,-0.7098440766312715,-0.8632515261887289,-1.003535534489999,-0.6998478126632078,-1.003535534489999,-0.264575131106459,-1.2578577314335921,-0.8523320540229504,-0.7525513312722351,-0.8186835376510233,-0.9351613361137008,-1.0070757231852228,0.0,-0.9865769668828817,-0.8481201403260179,0.2837812883252562,-0.18402157926476267,-0.06809032780193915,-0.8332274344014929,-0.9571678258797024,-0.38799179683158525,2.9541957835039856,-0.32108064953396775,-0.32108064953396775,-0.35540932665545544,-0.338501600193165,-0.43461349368017654,-0.38799179683158525
0.23164322389514155,0.161354724892395,0.6422355050978176,0.634222361778051,0.6355903955369756,-0.13478163808693644,1.3298237613896136,0.8203373191388387,-0.13478163808693644,0.0,0.0,-0.14731391274719746,-0.35540932665545544,-0.24797656357049658,0.9885625276604076,0.43332621365300983,-0.23661663461416052,0.43332621365300983,-0.264575131106459,-0.25718280754218426,-0.5732210217950829,0.8059581999431679,1.242999947802206,0.29542760118580386,-0.29729840211396097,0.0,-0.19996194857834862,-0.170889879020914,0.129870932624935,-0.6202689758069656,-0.4453579882082346,0.04569146128264496,0.1502819726619081,-0.38799179683158525,-0.338501600193165,-0.32108064953396775,-0.32108064953396775,-0.35540932665545544,-0.338501600193165,-0.43461349368017654,2.577374078952674
-1.40515653740166,-1.8761245030966676,-1.4991559665739425,-1.5215445140527601,-1.5174841620080675,-0.821526175006089,-0.8018787475045984,-0.9637296147606682,-0.821526175006089,0.0,0.0,-0.49759366083497797,-0.35540932665545544,-0.7098440766312715,-0.8632515261887289,-1.003535534489999,-0.6998478126632078,-1.003535534489999,-0.264575131106459,-1.1863809511556345,-0.9918875701368841,-0.7525513312722351,-0.7962739345482709,-1.165896761857358,-1.2651765672111361,0.0,-1.2225614723742415,-1.0738635607610525,-1.7663046496030248,-1.492763768891371,-1.0970021289100178,-0.8332274344014929,-0.9571678258797024,2.577374078952674,-0.338501600193165,-0.32108064953396775,-0.32108064953396775,-0.35540932665545544,-0.338501600193165,-0.43461349368017654,-0.38799179683158525
0.46547176122325606,1.4481837109907503,1.6155952649486176,1.8248406736696676,1.8259921941796675,-0.13478163808693644,0.7968981341660605,0.4635239323589373,-0.13478163808693644,0.0,0.0,1.604084827691705,2.8136571693556887,-0.43272356879480656,0.013923551950335778,-0.25386853545886406,-0.42190910583377944,-0.25386853545886406,-0.264575131106459,2.030074161352462,-0.5034432637381161,0.8059581999431679,2.1393840719123056,2.141311007135061,1.380357084054476,0.0,-0.12130044674789531,-0.170889879020914,-0.005570180391347815,-0.8820174137322874,-0.6854374084667864,-0.06417340067787222,0.1502819726619081,-0.38799179683158525,-0.338501600193165,3.1144823004794873,-0.32108064953396775,-0.35540932665545544,-0.338501600193165,-0.43461349368017654,-0.38799179683158525
-1.1713280000735455,0.4830619714169838,0.6422355050978176,0.17062895144730558,0.1697809960680961,-0.821526175006089,0.2639725069425075,-0.25010284120086546,-0.821526175006089,0.0,0.0,-0.14731391274719746,-0.35540932665545544,-0.7098440766312715,0.3063152446633573,-0.25386853545886406,-0.6998478126632078,-0.25386853545886406,-0.264575131106459,0.24315465440351966,0.2641120748885195,1.3254613770149688,0.30179661748660125,0.679986644091899,1.5739327170739112,0.0,0.5079915678957311,0.05485354141412062,-0.36879861984410645,0.1068100184300393,-0.23957562798661888,-0.8332274344014929,-0.9571678258797024,-0.38799179683158525,-0.338501600193165,-0.32108064953396775,-0.32108064953396775,-0.35540932665545544,-0.338501600193165,-0.43461349368017654,-0.38799179683158525
-0.469842388089202,1.1264764644661616,0.8369074570679775,0.9643744927083834,0.9668326351592899,0.5519628988322162,1.3298237613896136,1.17715070591874,0.5519628988322162,0.0,0.0,0.9035253315161441,-0.35540932665545544,0.029143944265968315,0.6961708349473862,0.4957984635722709,0.0413220722152678,0.4957984635722709,-0.264575131106459,0.5290617755153505,-0.01499895733934798,1.8449645540867698,1.4895055819324834,0.3723394097670229,0.4124789189573009,0.0,1.0586220807089042,0.957827223154259,0.14218376108096065,0.20860107762321972,0.13769203241967656,-0.06417340067787222,0.017387996836914846,-0.38799179683158525,-0.338501600193165,-0.32108064953396775,3.1144823004794873,-0.35540932665545544,-0.338501600193165,-0.43461349368017654,-0.38799179683158525
-0.002185313432972955,-1.6616530054136083,-1.4018199905888624,-1.4249146220731508,-1.4243222821142918,-0.821526175006089,-0.8018787475045984,-0.9637296147606682,-0.821526175006089,0.0,0.0,-0.49759366083497797,-0.35540932665545544,-0.7098440766312715,-0.8632515261887289,-1.003535534489999,-0.6998478126632078,-1.003535534489999,-0.264575131106459,-1.1149041708776766,-0.9221098120799173,-0.23304815420043412,-0.6618163159317559,-1.0889849532761389,-1.0716009341917012,0.0,-1.065238468713335,-0.8481201403260179,1.3119024644034034,-0.2712710585732033,0.34347439264129226,-0.8332274344014929,-0.9571678258797024,-0.38799179683158525,-0.338501600193165,-0.32108064953396775,-0.32108064953396775,-0.35540932665545544,-0.338501600193165,-0.43461349368017654,-0.38799179683158525
-1.40515653740166,-1.23271001004749,-1.2071480386187023,-1.2051966534052292,-1.2069445623621478,-0.821526175006089,-0.8018787475045984,-0.9637296147606682,-0.821526175006089,0.0,0.0,-1.198153157010539,-0.35540932665545544,-0.7098440766312715,-0.8632515261887289,-1.003535534489999,-0.6998478126632078,-1.003535534489999,-0.264575131106459,-1.043427390599719,-0.7127765379090166,-0.23304815420043412,-0.5049490942124885,-1.242808570438577,-0.9425505121787444,0.0,-1.065238468713335,-1.0738635607610525,-1.7663046496030248,-0.7366016148848863,-1.0970021289100178,-0.8332274344014929,-0.9571678258797024,-0.38799179683158525,-0.338501600193165,-0.32108064953396775,-0.32108064953396775,-0.35540932665545544,-0.338501600193165,2.3008949665421112,-0.38799179683158525
0.46547176122325606,-1.0182385123644306,-0.8178041346783824,-0.7680614277831863,-0.7721891228578603,-0.13478163808693644,-0.8018787475045984,-0.6069162279807668,-0.13478163808693644,0.0,0.0,-0.14731391274719746,-0.35540932665545544,0.3986379547145881,-0.8632515261887289,-0.25386853545886406,0.4119070146545055,-0.25386853545886406,-0.264575131106459,-0.6860434892099304,-0.3638877476241823,-0.7525513312722351,-0.6394067128290034,-0.9351613361137008,-1.0070757231852228,0.0,0.0360225569130113,0.05485354141412062,0.16065300376499927,1.4010106281719075,1.0294155933800113,-0.17403826263838956,-0.07120798704641396,-0.38799179683158525,2.9541957835039856,-0.32108064953396775,-0.32108064953396775,-0.35540932665545544,-0.338501600193165,-0.43461349368017654,-0.38799179683158525
-0.7036709254173165,0.054118976050865394,-0.8178041346783824,-0.7001904322260797,-0.6997298829404791,0.5519628988322162,-0.8018787475045984,-0.25010284120086546,0.5519628988322162,0.0,0.0,0.20296583534058305,-0.35540932665545544,1.4147464834482928,-0.8632515261887289,0.43332621365300983,1.4310156063624095,0.43332621365300983,-0.264575131106459,0.17167787412556196,-0.6429987798520498,-0.7525513312722351,-0.7514547283427658,-0.9351613361137008,-0.29729840211396097,0.0,-0.6719309595610684,0.05485354141412062,2.629375109198155,-0.3294373781121636,0.8579302931953315,2.3528535624535065,0.8147518517868745,-0.38799179683158525,-0.338501600193165,-0.32108064953396775,-0.32108064953396775,2.8136571693556887,-0.338501600193165,-0.43461349368017654,-0.38799179683158525
-0.469842388089202,-1.768888754255138,-1.4991559665739425,-1.5364991401924617,-1.5381868019844622,-0.821526175006089,-0.8018787475045984,-0.9637296147606682,-0.821526175006089,0.0,0.0,-1.198153157010539,-0.35540932665545544,-0.7098440766312715,-0.8632515261887289,-1.003535534489999,-0.6998478126632078,-1.003535534489999,-0.264575131106459,-1.4008112919895075,-1.1314430862508178,-0.7525513312722351,-0.7962739345482709,-1.242808570438577,-1.200651356204658,0.0,-1.2225614723742415,-1.0738635607610525,-1.7663046496030248,-1.492763768891371,-1.0970021289100178,-0.8332274344014929,-0.9571678258797024,-0.38799179683158525,2.9541957835039856,-0.32108064953396775,-0.32108064953396775,-0.35540932665545544,-0.338501600193165,-0.43461349368017654,-0.38799179683158525
-0.002185313432972955,-0.8037670146813715,-1.2071480386187023,-1.019989360444311,-1.0206208025745962,-0.821526175006089,-0.26895312028104545,-0.6069162279807668,-0.821526175006089,0.0,0.0,-1.198153157010539,-0.35540932665545544,-0.7098440766312715,0.8910986300894004,0.12096496405670344,-0.6998478126632078,0.12096496405670344,-0.264575131106459,-0.9719506103217612,-0.7825542959659835,-0.7525513312722351,-0.392901078698726,-1.0120731446949198,-1.0070757231852228,0.0,-0.9865769668828817,-0.8481201403260179,0.2837812883252562,-0.7220600350001461,-0.4796550482451706,-0.8332274344014929,-0.9571678258797024,-0.38799179683158525,-0.338501600193165,-0.32108064953396775,-0.32108064953396775,-0.35540932665545544,-0.338501600193165,-0.43461349368017654,2.577374078952674
-0.469842388089202,0.3758262225754542,-0.42846023073806244,-0.26190485074713676,-0.26497444343619153,-0.13478163808693644,-0.26895312028104545,-0.25010284120086546,-0.13478163808693644,0.0,0.0,0.20296583534058305,-0.35540932665545544,0.029143944265968315,-0.08354034562067136,-0.0664517857010803,0.0413220722152678,-0.0664517857010803,-0.264575131106459,0.17167787412556196,0.1943343168315526,-0.23304815420043412,-0.7962739345482709,-0.31986686746394843,-0.42634882412691766,0.0,-0.5932694577306151,-0.6223767198909832,-0.22720109259981072,-0.5911858160374853,-0.5825462283559785,0.5950157710852312,1.2577317712035185,-0.38799179683158525,-0.338501600193165,-0.32108064953396775,3.1144823004794873,-0.35540932665545544,-0.338501600193165,-0.43461349368017654,-0.38799179683158525
1.400785910535714,-1.1254742612059603,-1.4991559665739425,-1.4824324149181562,-1.4864302020434756,-0.821526175006089,-0.8018787475045984,-0.9637296147606682,-0.821526175006089,0.0,0.0,-1.198153157010539,-0.35540932665545544,-0.7098440766312715,-0.8632515261887289,-1.003535534489999,-0.6998478126632078,-1.003535534489999,-0.264575131106459,-1.3293345117115498,-1.2012208443077848,-0.7525513312722351,-0.7290451252400134,-1.319720379019796,-1.3297017782176146,0.0,-0.9079154650524284,-0.6223767198909832,1.3119024644034034,3.5967891907676615,4.904983377553775,-0.8332274344014929,-0.9571678258797024,-0.38799179683158525,-0.338501600193165,3.1144823004794873,-0.32108064953396775,-0.35540932665545544,-0.338501600193165,-0.43461349368017654,-0.38799179683158525
-0.469842388089202,1.55541945983228,1.5182592889635376,1.5487552680136405,1.5465065544983396,0.5519628988322162,1.8627493886131665,1.5339640926986415,0.5519628988322162,0.0,0.0,0.20296583534058305,-0.35540932665545544,-0.0632295583461866,0.6961708349473862,0.43332621365300983,-0.05132416339454161,0.43332621365300983,-0.264575131106459,0.6720153360712658,-0.08477671539631484,3.9229772623739736,4.33552517598205,0.14160398402336577,1.186781451035041,0.0,0.1933455605739179,1.1835706435892936,1.6566616611721234,-0.6348105556917056,0.034800852308868806,0.37528604716419667,-0.07120798704641396,2.577374078952674,-0.338501600193165,-0.32108064953396775,-0.32108064953396775,-0.35540932665545544,-0.338501600193165,-0.43461349368017654,-0.38799179683158525
0.6993002985513705,0.5902977202585135,-0.23378827876790242,-0.17677851733652844,-0.1718125635424156,-0.13478163808693644,1.3298237613896136,0.8203373191388387,-0.13478163808693644,0.0,0.0,-0.49759366083497797,-0.35540932665545544,-0.0632295583461866,1.9632015033704793,1.2454654626034058,-0.05132416339454161,1.2454654626034058,-0.264575131106459,-0.40013636809809966,0.12455655877458575,-0.23304815420043412,1.6687824067545032,-0.3967786760451675,-1.1361261451981794,0.0,0.1146840587434646,-0.170889879020914,-0.3195473060200036,0.3103921368164005,-0.10238738783887513,-0.17403826263838956,0.1502819726619081,2.577374078952674,-0.338501600193165,-0.32108064953396775,-0.32108064953396775,-0.35540932665545544,-0.338501600193165,-0.43461349368017654,-0.38799179683158525
-0.937499462745431,-0.37482401931525305,-0.42846023073806244,-0.33322691387494374,-0.3374336833535729,-0.13478163808693644,0.2639725069425075,0.10671054557903593,-0.13478163808693644,0.0,0.0,-0.49759366083497797,-0.35540932665545544,0.029143944265968315,0.6961708349473862,0.5582707134915322,0.0413220722152678,0.5582707134915322,-0.264575131106459,0.10020109384760426,0.9618896554581882,-0.23304815420043412,-0.7738643314455184,0.14160398402336577,0.34795370795082253,0.0,-0.5932694577306151,-0.6223767198909832,-0.22720109259981072,-0.547561076383265,-0.5482491683190425,0.5950157710852312,1.2577317712035185,2.577374078952674,-0.338501600193165,-0.32108064953396775,-0.32108064953396775,-0.35540932665545544,-0.338501600193165,-0.43461349368017654,-0.38799179683158525
1.400785910535714,0.161354724892395,-0.5257962067231424,-0.5529448825428653,-0.5444600831175194,-0.821526175006089,0.2639725069425075,-0.25010284120086546,-0.821526175006089,0.0,0.0,-1.198153157010539,-0.35540932665545544,-0.7098440766312715,1.086026425231415,0.24590946389522605,-0.6998478126632078,0.24590946389522605,-0.264575131106459,-0.6145667089319727,-0.6429987798520498,0.28645502287136687,-0.3704914755959735,-1.0889849532761389,-0.10372276909452592,0.0,-0.7505924613915217,-0.8481201403260179,-0.7400303977932816,-0.6348105556917056,-0.7540315285406581,-0.8332274344014929,-0.9571678258797024,2.577374078952674,-0.338501600193165,-0.32108064953396775,-0.32108064953396775,-0.35540932665545544,-0.338501600193165,-0.43461349368017654,-0.38799179683158525
0.9331288358794851,0.054118976050865394,0.3502275771425776,0.23734959114751214,0.24224023598547728,0.5519628988322162,0.2639725069425075,0.4635239323589373,0.5519628988322162,0.0,0.0,1.2538050796039246,-0.35540932665545544,0.3062644521024332,0.20885134709235018,0.43332621365300983,0.31926077904469613,0.43332621365300983,-0.264575131106459,0.6720153360712658,-0.01499895733934798,-0.7525513312722351,-0.5497683004179934,0.7568984526731181,-0.5553992461398743,0.0,0.42933006606527785,0.05485354141412062,-0.301078063335965,0.22314265750795984,-0.13668444787581094,0.26542118520367947,0.8147518517868745,-0.38799179683158525,-0.338501600193165,-0.32108064953396775,-0.32108064953396775,2.8136571693556887,-0.338501600193165,-0.43461349368017654,-0.38799179683158525
-0.23601385076108747,-1.8761245030966676,-1.2071480386187023,-1.3305854418073415,-1.3311604022205157,-0.821526175006089,-0.8018787475045984,-0.9637296147606682,-0.821526175006089,0.0,0.0,-1.198153157010539,-0.35540932665545544,-0.7098440766312715,-0.8632515261887289,-1.003535534489999,-0.6998478126632078,-1.003535534489999,-0.264575131106459,-1.3293345117115498,-0.9221098120799173,-0.23304815420043412,-0.6842259190345084,-1.319720379019796,-1.2651765672111361,0.0,-1.065238468713335,-1.0738635607610525,-1.7663046496030248,-0.3730621177663839,-1.0970021289100178,-0.8332274344014929,-0.9571678258797024,-0.38799179683158525,-0.338501600193165,-0.32108064953396775,-0.32108064953396775,-0.35540932665545544,-0.338501600193165,-0.43461349368017654,2.577374078952674
0.9331288358794851,1.3409479621492206,1.2262513610082977,1.3762018894786237,1.3808854346871826,-0.13478163808693644,0.7968981341660605,0.4635239323589373,-0.13478163808693644,0.0,0.0,0.5532455834283636,-0.35540932665545544,-0.43272356879480656,0.11138744952134305,-0.12892403562034144,-0.42190910583377944,-0.12892403562034144,-0.264575131106459,0.7434921163492235,0.6130008651733538,0.28645502287136687,0.3242062205893538,0.8338102612543371,0.8641553960026493,0.0,0.743976073387091,0.2805969618491552,-0.28876523487993927,-0.227646318918983,-0.37676386813436274,-0.39376798655942397,-0.2041019628714072,2.577374078952674,-0.338501600193165,-0.32108064953396775,-0.32108064953396775,-0.35540932665545544,-0.338501600193165,-0.43461349368017654,-0.38799179683158525
1.400785910535714,-0.26758827047372347,-1.4018199905888624,-1.2868719192451372,-1.2897551222677264,-0.821526175006089,-0.8018787475045984,-0.9637296147606682,-0.821526175006089,0.0,0.0,-1.198153157010539,-0.35540932665545544,-0.7098440766312715,-0.8632515261887289,-1.003535534489999,-0.6998478126632078,-1.003535534489999,-0.264575131106459,-0.32865958782014193,-0.7127765379090166,-0.7525513312722351,-0.7962739345482709,-0.8582495275324817,-0.8135000901657877,0.0,-1.2225614723742415,-1.0738635607610525,-1.7663046496030248,-1.492763768891371,-1.0970021289100178,-0.8332274344014929,-0.9571678258797024,-0.38799179683158525,-0.338501600193165,3.1144823004794873,-0.32108064953396775,-0.35540932665545544,-0.338501600193165,-0.43461349368017654,-0.38799179683158525
1.400785910535714,1.3409479621492206,1.5182592889635376,1.6166262635707473,1.6189657944157212,1.9254519726705213,0.2639725069425075,1.17715070591874,1.9254519726705213,0.0,0.0,0.20296583534058305,-0.35540932665545544,0.4910114573267432,-0.2784681407626858,0.18343721397596474,0.5045532502643151,0.18343721397596474,-0.264575131106459,1.7441670402406313,0.9618896554581882,-0.23304815420043412,-0.5497683004179934,1.3721929213228705,2.090134405125738,0.0,0.8226375752175443,0.957827223154259,0.3638146732894236,-0.2712710585732033,-0.10238738783887513,0.8147454950062655,0.9919438195535321,-0.38799179683158525,-0.338501600193165,3.1144823004794873,-0.32108064953396775,-0.35540932665545544,-0.338501600193165,-0.43461349368017654,-0.38799179683158525
-0.23601385076108747,0.3758262225754542,0.058219649187337574,0.11771258202990041,0.11802439612710951,0.5519628988322162,-0.8018787475045984,-0.25010284120086546,0.5519628988322162,0.0,0.0,0.5532455834283636,-0.35540932665545544,0.3986379547145881,-0.8632515261887289,-0.25386853545886406,0.4119070146545055,-0.25386853545886406,-0.264575131106459,-0.25718280754218426,-0.7825542959659835,0.8059581999431679,-0.7066355221372609,1.2952811127416515,0.08985286392490913,0.0,-0.5932694577306151,-0.3966332994559486,0.5423506859017964,-0.7947679344238467,-0.4796550482451706,1.9133941146114377,2.010797634211814,-0.38799179683158525,-0.338501600193165,-0.32108064953396775,-0.32108064953396775,-0.35540932665545544,2.9541957835039856,-0.43461349368017654,-0.38799179683158525
-0.002185313432972955,-0.16035252163219382,0.2528916011574976,0.23849994700441224,0.24224023598547728,0.5519628988322162,1.3298237613896136,1.17715070591874,0.5519628988322162,0.0,0.0,-0.14731391274719746,-0.35540932665545544,0.3062644521024332,1.3784181179444366,1.1205209627648838,0.31926077904469613,1.1205209627648838,-0.264575131106459,-0.042752466708311156,0.543223107116387,-0.23304815420043412,0.7723982826444036,0.06469217544214674,0.2834284969443442,0.0,-0.6719309595610684,-0.3966332994559486,0.8747970542144905,-0.9256421533865075,-0.5139521082821065,2.3528535624535065,2.010797634211814,-0.38799179683158525,-0.338501600193165,-0.32108064953396775,-0.32108064953396775,-0.35540932665545544,2.9541957835039856,-0.43461349368017654,-0.38799179683158525
-0.469842388089202,0.161354724892395,0.2528916011574976,0.19708713615600817,0.20083495603268778,1.2387074357513688,0.7968981341660605,1.17715070591874,1.2387074357513688,0.0,0.0,-0.14731391274719746,-0.35540932665545544,0.8605054677753631,0.7936347325183934,1.1829932126841447,0.8751381927035529,1.1829932126841447,-0.264575131106459,0.17167787412556196,-0.2243322315102486,-0.23304815420043412,0.30179661748660125,0.14160398402336577,0.4124789189573009,0.0,0.1933455605739179,0.957827223154259,1.3119024644034034,0.019560539121598657,0.686444993010652,1.0344752189273,0.5046659081952235,-0.38799179683158525,-0.338501600193165,-0.32108064953396775,-0.32108064953396775,-0.35540932665545544,-0.338501600193165,-0.43461349368017654,2.577374078952674
1.400785910535714,-0.8037670146813715,-0.6231321827082225,-0.6875365178001784,-0.6893785629522817,-0.821526175006089,-0.8018787475045984,-0.9637296147606682,-0.821526175006089,0.0,0.0,-0.14731391274719746,-0.35540932665545544,-0.7098440766312715,-0.8632515261887289,-1.003535534489999,-0.6998478126632078,-1.003535534489999,-0.264575131106459,0.17167787412556196,-0.7825542959659835,-0.7525513312722351,-0.7066355221372609,0.29542760118580386,-0.16824798010100428,0.0,-0.19996194857834862,-0.3966332994559486,-0.3441729629320549,0.6448484741654226,0.06909791234580479,-0.8332274344014929,-0.9571678258797024,-0.38799179683158525,-0.338501600193165,-0.32108064953396775,-0.32108064953396775,-0.35540932665545544,-0.338501600193165,-0.43461349368017654,2.577374078952674
1.6346144478638287,-1.23271001004749,-1.1098120626336225,-1.1913923831224278,-1.1862419223857532,0.5519628988322162,-0.26895312028104545,0.10671054557903593,0.5519628988322162,0.0,0.0,-0.8478734089227585,-0.35540932665545544,4.001204556588632,1.5733459130864507,3.744355459373856,4.025110203437074,3.744355459373856,-0.264575131106459,-1.3293345117115498,-0.5732210217950829,-0.7525513312722351,-0.7066355221372609,-1.319720379019796,-1.3297017782176146,0.0,-0.5146079559001618,0.05485354141412062,1.6566616611721234,1.82271644482937,3.224427435743913,1.5837995287298863,0.8147518517868745,-0.38799179683158525,-0.338501600193165,-0.32108064953396775,-0.32108064953396775,2.8136571693556887,-0.338501600193165,-0.43461349368017654,-0.38799179683158525
-0.002185313432972955,0.6975334691000431,0.7395714810828976,0.5513967400812428,0.552779835631397,-0.13478163808693644,-0.8018787475045984,-0.6069162279807668,-0.13478163808693644,0.0,0.0,1.2538050796039246,-0.35540932665545544,-0.24797656357049658,-0.8632515261887289,-0.6911742848936928,-0.23661663461416052,-0.6911742848936928,-0.264575131106459,1.5297366994067583,2.7761113649393265,1.8449645540867698,0.6155310609251361,0.7568984526731181,2.0256091941192595,0.0,-0.19996194857834862,-0.3966332994559486,-0.3441729629320549,-0.5766442361527453,-0.6168432883929144,0.04569146128264496,0.5046659081952235,-0.38799179683158525,-0.338501600193165,-0.32108064953396775,-0.32108064953396775,-0.35540932665545544,-0.338501600193165,-0.43461349368017654,2.577374078952674
1.1669573732075995,-0.6965312658398419,-0.7204681586933024,-0.6576272655207756,-0.6583246029876898,-0.13478163808693644,-0.8018787475045984,-0.6069162279807668,-0.13478163808693644,0.0,0.0,0.20296583534058305,2.8136571693556887,0.3062644521024332,-0.8632515261887289,-0.31634078537812527,0.31926077904469613,-0.31634078537812527,3.779644730092272,-0.5430899286540151,-0.15455447345328172,-0.7525513312722351,-0.5497683004179934,-0.3967786760451675,-0.7489748791593094,0.0,-0.3572849522392552,-0.3966332994559486,-0.08560356535551499,0.2667673971621802,0.034800852308868806,0.15555632324316213,0.5046659081952235,-0.38799179683158525,-0.338501600193165,-0.32108064953396775,-0.32108064953396775,-0.35540932665545544,-0.338501600193165,-0.43461349368017654,2.577374078952674
1.1669573732075995,1.1264764644661616,0.9342434330530576,0.8608424655873732,0.8633194352773166,1.9254519726705213,-0.26895312028104545,0.8203373191388387,1.9254519726705213,0.0,0.0,3.0052038200428273,-0.35540932665545544,0.8605054677753631,-0.4733959359047001,0.3083817138144872,0.8751381927035529,0.3083817138144872,-0.264575131106459,1.815643820518589,0.543223107116387,-0.7525513312722351,-0.7066355221372609,1.4491047299040896,0.2834284969443442,0.0,0.42933006606527785,0.2805969618491552,-0.005570180391347815,-0.2131047390342429,-0.23957562798661888,1.2542049428483346,2.010797634211814,2.577374078952674,-0.338501600193165,-0.32108064953396775,-0.32108064953396775,-0.35540932665545544,-0.338501600193165,-0.43461349368017654,-0.38799179683158525
-1.40515653740166,0.3758262225754542,0.6422355050978176,0.5180364202311396,0.521725875666805,2.612196509589674,0.2639725069425075,1.5339640926986415,2.612196509589674,0.0,0.0,0.5532455834283636,-0.35540932665545544,1.5071199860604476,0.11138744952134305,1.1205209627648838,1.523661841972219,1.1205209627648838,-0.264575131106459,-0.11422924698626885,-0.5732210217950829,-0.7525513312722351,-0.19121465077395355,-0.4736904846263865,-0.10372276909452592,0.0,0.1933455605739179,1.1835706435892936,1.6566616611721234,-0.2131047390342429,0.583553812899844,2.24298870049299,1.2577317712035185,-0.38799179683158525,-0.338501600193165,3.1144823004794873,-0.32108064953396775,-0.35540932665545544,-0.338501600193165,-0.43461349368017654,-0.38799179683158525
-0.469842388089202,1.1264764644661616,1.7129312409336976,1.7075043762658562,1.7121276743094969,-0.13478163808693644,-0.8018787475045984,-0.6069162279807668,-0.13478163808693644,0.0,0.0,1.2538050796039246,-0.35540932665545544,-0.43272356879480656,-0.8632515261887289,-0.8161187847322153,-0.42190910583377944,-0.8161187847322153,-0.264575131106459,1.815643820518589,1.4503339618569562,-0.7525513312722351,-0.2808530631849635,1.6798401556477465,2.1546596161322165,0.0,1.6092525935220772,0.05485354141412062,-0.9105630719092378,0.1504347580842593,-0.5482491683190425,-0.5036328485199413,-0.07120798704641396,-0.38799179683158525,-0.338501600193165,-0.32108064953396775,-0.32108064953396775,-0.35540932665545544,2.9541957835039856,-0.43461349368017654,-0.38799179683158525
0.46547176122325606,0.161354724892395,0.3502275771425776,0.3776930056893259,0.37680739583204254,-0.13478163808693644,0.2639725069425075,0.10671054557903593,-0.13478163808693644,0.0,0.0,-0.14731391274719746,-0.35540932665545544,-0.24797656357049658,0.11138744952134305,-0.003979535781818994,-0.23661663461416052,-0.003979535781818994,-0.264575131106459,-0.18570602726422655,0.33388983294548635,-0.23304815420043412,0.07770058645907635,0.29542760118580386,0.993205818015606,0.0,-0.7505924613915217,-0.6223767198909832,0.2837812883252562,-1.0419747924644283,-0.7540315285406581,1.0344752189273,1.2577317712035185,-0.38799179683158525,-0.338501600193165,-0.32108064953396775,-0.32108064953396775,-0.35540932665545544,-0.338501600193165,-0.43461349368017654,2.577374078952674
-1.40515653740166,-1.8761245030966676,-1.4991559665739425,-1.5618069690442642,-1.5588894419608568,-0.821526175006089,-0.8018787475045984,-0.9637296147606682,-0.821526175006089,0.0,0.0,-1.198153157010539,-0.35540932665545544,-0.7098440766312715,-0.8632515261887289,-1.003535534489999,-0.6998478126632078,-1.003535534489999,-0.264575131106459,-1.3293345117115498,-1.2012208443077848,-0.7525513312722351,-0.8186835376510233,-1.319720379019796,-1.3297017782176146,0.0,-1.2225614723742415,-1.0738635607610525,-1.7663046496030248,-1.492763768891371,-1.0970021289100178,-0.8332274344014929,-0.9571678258797024,-0.38799179683158525,-0.338501600193165,-0.32108064953396775,-0.32108064953396775,-0.35540932665545544,2.9541957835039856,-0.43461349368017654,-0.38799179683158525
-0.7036709254173165,0.3758262225754542,0.44756355312765755,0.41220368139632924,0.40786135579663424,-0.821526175006089,-0.26895312028104545,-0.6069162279807668,-0.821526175006089,0.0,0.0,1.2538050796039246,-0.35540932665545544,-0.7098440766312715,-0.37593203833369293,-0.6911742848936928,-0.6998478126632078,-0.6911742848936928,-0.264575131106459,1.5297366994067583,0.33388983294548635,-0.7525513312722351,-0.7066355221372609,1.5260165384853084,0.8641553960026493,0.0,-0.6719309595610684,-0.8481201403260179,-0.8859374149971864,-0.9692668930407278,-0.925516828725338,-0.8332274344014929,-0.9571678258797024,-0.38799179683158525,-0.338501600193165,-0.32108064953396775,-0.32108064953396775,-0.35540932665545544,-0.338501600193165,2.3008949665421112,-0.38799179683158525
1.400785910535714,-1.0182385123644306,-1.4018199905888624,-1.2581130228226345,-1.2587011623031343,-0.821526175006089,-0.26895312028104545,-0.6069162279807668,-0.821526175006089,0.0,0.0,-1.198153157010539,-0.35540932665545544,-0.7098440766312715,2.0606654009414864,0.8706319630878384,-0.6998478126632078,0.8706319630878384,-0.264575131106459,-1.2578577314335921,-0.9918875701368841,-0.7525513312722351,-0.8186835376510233,-1.242808570438577,-1.0716009341917012,0.0,-1.1438999705437882,-1.0738635607610525,-1.7663046496030248,-1.0565163723491684,-1.0970021289100178,-0.8332274344014929,-0.9571678258797024,-0.38799179683158525,-0.338501600193165,-0.32108064953396775,-0.32108064953396775,-0.35540932665545544,2.9541957835039856,-0.43461349368017654,-0.38799179683158525
-1.872813612057889,-1.5544172565720789,-1.2071480386187023,-1.2454591083967332,-1.248349842314937,-0.821526175006089,-0.8018787475045984,-0.9637296147606682,-0.821526175006089,0.0,0.0,-1.198153157010539,-0.35540932665545544,-0.7098440766312715,-0.8632515261887289,-1.003535534489999,-0.6998478126632078,-1.003535534489999,-0.264575131106459,-1.1149041708776766,-1.061665328193851,-0.7525513312722351,-0.7290451252400134,-0.8582495275324817,-1.200651356204658,0.0,-0.9865769668828817,-0.8481201403260179,0.2837812883252562,-0.227646318918983,-0.10238738783887513,-0.8332274344014929,-0.9571678258797024,-0.38799179683158525,2.9541957835039856,-0.32108064953396775,-0.32108064953396775,-0.35540932665545544,-0.338501600193165,-0.43461349368017654,-0.38799179683158525
-0.937499462745431,-1.0182385123644306,-1.2071480386187023,-1.1166192524239205,-1.1241340024565694,-0.821526175006089,-0.26895312028104545,-0.6069162279807668,-0.821526175006089,0.0,0.0,-0.49759366083497797,-0.35540932665545544,-0.7098440766312715,1.2555288557896882,-0.6911742848936928,-0.6998478126632078,-0.6911742848936928,-0.264575131106459,-1.1149041708776766,-0.5732210217950829,0.8059581999431679,-0.41531068180147845,-1.242808570438577,-0.9425505121787444,0.0,0.1933455605739179,-0.6223767198909832,-1.082258624268263,4.197419664267796,0.3941743944350239,-0.8332274344014929,-0.9571678258797024,-0.38799179683158525,-0.338501600193165,-0.32108064953396775,-0.32108064953396775,-0.35540932665545544,2.9541957835039856,-0.43461349368017654,-0.38799179683158525
-1.40515653740166,-1.8761245030966676,-1.4018199905888624,-1.4617260094939544,-1.4657275620670809,-0.821526175006089,-0.8018787475045984,-0.9637296147606682,-0.821526175006089,0.0,0.0,-0.8478734089227585,-0.35540932665545544,-0.7098440766312715,-0.8632515261887289,-1.003535534489999,-0.6998478126632078,-1.003535534489999,-0.264575131106459,-1.3293345117115498,-1.1314430862508178,-0.23304815420043412,-0.7290451252400134,-1.319720379019796,-1.3297017782176146,0.0,-1.065238468713335,-1.0738635607610525,-1.7663046496030248,0.6739316339349029,-1.0970021289100178,-0.8332274344014929,-0.9571678258797024,-0.38799179683158525,-0.338501600193165,-0.32108064953396775,-0.32108064953396775,2.8136571693556887,-0.338501600193165,-0.43461349368017654,-0.38799179683158525
0.46547176122325606,1.1264764644661616,-0.3311242547529824,0.003827352196789253,0.0041598762569388156,-0.821526175006089,-0.8018787475045984,-0.9637296147606682,-0.821526175006089,0.0,0.0,-0.14731391274719746,-0.35540932665545544,-0.7098440766312715,-0.8632515261887289,-1.003535534489999,-0.6998478126632078,-1.003535534489999,-0.264575131106459,0.24315465440351966,-0.4336655056811492,1.3254613770149688,-0.0791666352601911,0.06469217544214674,-0.23277319110748262,0.0,0.1146840587434646,-0.6223767198909832,-1.0398477706975078,0.1068100184300393,-0.6511403484298504,-0.8332274344014929,-0.9571678258797024,2.577374078952674,-0.338501600193165,-0.32108064953396775,-0.32108064953396775,-0.35540932665545544,-0.338501600193165,-0.43461349368017654,-0.38799179683158525
-0.937499462745431,-1.5544172565720789,-1.3044840146037824,-1.2696165813916356,-1.2690524822913318,-0.13478163808693644,-0.26895312028104545,-0.25010284120086546,-0.13478163808693644,0.0,0.0,-0.49759366083497797,2.8136571693556887,2.1537345043455325,2.1581292985124936,2.8697439605041986,2.172185491240885,2.8697439605041986,3.779644730092272,-1.1149041708776766,-0.8523320540229504,-0.7525513312722351,-0.6842259190345084,-1.0889849532761389,-1.0716009341917012,0.0,-0.7505924613915217,-0.3966332994559486,1.3119024644034034,1.2265116695550267,2.1269215145619618,1.0344752189273,0.5046659081952235,-0.38799179683158525,-0.338501600193165,-0.32108064953396775,-0.32108064953396775,2.8136571693556887,-0.338501600193165,-0.43461349368017654,-0.38799179683158525
-1.40515653740166,0.6975334691000431,0.6422355050978176,0.5203371319449398,0.521725875666805,1.2387074357513688,3.4615262702838256,2.961217639818247,1.2387074357513688,0.0,0.0,-0.8478734089227585,-0.35540932665545544,0.675758462551053,2.9378404790805512,2.369965961150109,0.6898457214839339,2.369965961150109,-0.264575131106459,-0.18570602726422655,1.1014451715721219,0.8059581999431679,-0.48253949110973593,0.44925121834824194,0.6705797629832143,0.0,0.9799605788784509,1.6350574844593628,0.8747970542144905,0.4994326753180219,0.9265244132692034,0.37528604716419667,0.1502819726619081,-0.38799179683158525,2.9541957835039856,-0.32108064953396775,-0.32108064953396775,-0.35540932665545544,-0.338501600193165,-0.43461349368017654,-0.38799179683158525
-1.1713280000735455,-1.23271001004749,-0.6231321827082225,-0.7404528872175836,-0.7411351628932683,-0.821526175006089,-0.8018787475045984,-0.9637296147606682,-0.821526175006089,0.0,0.0,0.20296583534058305,2.8136571693556887,-0.7098440766312715,-0.8632515261887289,-1.003535534489999,-0.6998478126632078,-1.003535534489999,3.779644730092272,0.028724313569646547,-0.5034432637381161,-0.7525513312722351,-0.3256722693904685,-0.3967786760451675,-0.29729840211396097,0.0,-1.1438999705437882,-1.0738635607610525,-1.7663046496030248,-1.31826481027449,-1.0970021289100178,-0.8332274344014929,-0.9571678258797024,-0.38799179683158525,-0.338501600193165,-0.32108064953396775,-0.32108064953396775,-0.35540932665545544,-0.338501600193165,2.3008949665421112,-0.38799179683158525
0.9331288358794851,-0.16035252163219382,-0.3311242547529824,-0.32287371116284275,-0.32708236336537544,-0.13478163808693644,-0.26895312028104545,-0.25010284120086546,-0.13478163808693644,0.0,0.0,-0.8478734089227585,-0.35540932665545544,0.029143944265968315,-0.08354034562067136,-0.003979535781818994,0.0413220722152678,-0.003979535781818994,-0.264575131106459,-0.18570602726422655,-0.4336655056811492,-0.23304815420043412,0.5483022516168786,-0.7044259103700437,-0.3618236131204393,0.0,-0.3572849522392552,-0.6223767198909832,-0.645837260104685,-0.1985631591495028,-0.5482491683190425,0.15555632324316213,1.2577317712035185,-0.38799179683158525,-0.338501600193165,-0.32108064953396775,3.1144823004794873,-0.35540932665545544,-0.338501600193165,-0.43461349368017654,-0.38799179683158525
0.9331288358794851,-1.6616530054136083,-1.1098120626336225,-1.193693094836228,-1.1965932423739505,-0.821526175006089,-0.8018787475045984,-0.9637296147606682,-0.821526175006089,0.0,0.0,-1.198153157010539,-0.35540932665545544,-0.7098440766312715,-0.8632515261887289,-1.003535534489999,-0.6998478126632078,-1.003535534489999,-0.264575131106459,-1.1863809511556345,-0.9918875701368841,0.8059581999431679,0.055290983356323854,-1.0120731446949198,-1.3297017782176146,0.0,-0.5932694577306151,-0.8481201403260179,-0.9967528711014177,1.4591769477108676,-0.23957562798661888,-0.8332274344014929,-0.9571678258797024,-0.38799179683158525,-0.338501600193165,-0.32108064953396775,-0.32108064953396775,-0.35540932665545544,-0.338501600193165,2.3008949665421112,-0.38799179683158525
0.9331288358794851,0.3758262225754542,-0.23378827876790242,-0.07669755778621863,-0.07865068364863984,1.9254519726705213,-0.26895312028104545,0.8203373191388387,1.9254519726705213,0.0,0.0,-0.49759366083497797,-0.35540932665545544,1.7842404938969127,-0.1810042431916785,1.1205209627648838,1.8016005488016475,1.1205209627648838,-0.264575131106459,-0.5430899286540151,-0.4336655056811492,-0.7525513312722351,-0.6842259190345084,-0.012219633139072296,-0.7489748791593094,0.0,1.294606586200264,1.4093140640243282,0.3515018448333977,1.6627590660972291,1.4752773738601788,0.5950157710852312,0.6375598840202167,-0.38799179683158525,-0.338501600193165,-0.32108064953396775,-0.32108064953396775,2.8136571693556887,-0.338501600193165,-0.43461349368017654,-0.38799179683158525
-0.23601385076108747,0.9120049667831023,0.5448995291127375,0.18443322173010696,0.1801323160562932,1.2387074357513688,1.3298237613896136,1.5339640926986415,1.2387074357513688,0.0,0.0,-0.14731391274719746,-0.35540932665545544,0.8605054677753631,1.3784181179444366,1.557826712199712,0.8751381927035529,1.557826712199712,-0.264575131106459,-0.32865958782014193,0.8921118974012213,0.8059581999431679,0.10011018956182884,-0.6275141017888246,-0.16824798010100428,0.0,2.317206109996157,2.9895180070695706,0.6962610416021178,2.3025885810257933,2.469892114931322,-0.06417340067787222,-0.2041019628714072,2.577374078952674,-0.338501600193165,-0.32108064953396775,-0.32108064953396775,-0.35540932665545544,-0.338501600193165,-0.43461349368017654,-0.38799179683158525
-0.002185313432972955,-1.5544172565720789,-0.9151401106634625,-1.0015836667339093,-0.9999181625982013,-0.13478163808693644,-0.26895312028104545,-0.25010284120086546,-0.13478163808693644,0.0,0.0,-1.198153157010539,-0.35540932665545544,0.8828025201300204,0.8171605008976012,-0.6050056643154018,-0.3963515235965913,-0.6050056643154018,-0.264575131106459,-0.9004738300438035,-0.5034432637381161,0.28645502287136687,-0.6618163159317559,-0.6275141017888246,-0.8135000901657877,0.0,-0.5932694577306151,-0.6223767198909832,-0.22720109259981072,0.5129713876245037,0.08565511374294608,0.5400833401049725,1.2577317712035185,-0.38799179683158525,-0.338501600193165,-0.32108064953396775,-0.32108064953396775,-0.35540932665545544,2.9541957835039856,-0.43461349368017654,-0.38799179683158525
1.1669573732075995,0.6975334691000431,-0.03911632679774242,0.14532112259550312,0.14907835609170117,-0.13478163808693644,-0.26895312028104545,-0.25010284120086546,-0.13478163808693644,0.0,0.0,0.5532455834283636,2.8136571693556887,-0.15560306095834164,-0.2784681407626858,-0.25386853545886406,-0.14397039900435113,-0.25386853545886406,-0.264575131106459,0.028724313569646547,-0.29410998956721546,0.28645502287136687,-0.30326266628771603,-0.08913144172029133,-0.42634882412691766,0.0,-0.042638944917442,-0.170889879020914,-0.12254205072359221,-0.1985631591495028,-0.27387268802355486,-0.06417340067787222,0.1502819726619081,-0.38799179683158525,-0.338501600193165,-0.32108064953396775,-0.32108064953396775,2.8136571693556887,-0.338501600193165,-0.43461349368017654,-0.38799179683158525
0.9331288358794851,1.2337122133076912,1.2262513610082977,1.1875435289470053,1.1842103549114333,-0.13478163808693644,-0.8018787475045984,-0.6069162279807668,-0.13478163808693644,0.0,0.0,1.604084827691705,-0.35540932665545544,-0.34035006618265157,-0.8632515261887289,-0.753646534812954,-0.32926287022397,-0.753646534812954,-0.264575131106459,1.3153063585728852,1.1712229296290888,-0.7525513312722351,-0.5497683004179934,0.9876338784167752,0.993205818015606,0.0,-0.12130044674789531,0.2805969618491552,0.8747970542144905,-0.7366016148848863,-0.34246680809742674,-0.06417340067787222,-0.2041019628714072,2.577374078952674,-0.338501600193165,-0.32108064953396775,-0.32108064953396775,-0.35540932665545544,-0.338501600193165,-0.43461349368017654,-0.38799179683158525
1.1669573732075995,-0.26758827047372347,-0.6231321827082225,-0.8543381170506948,-0.854999682763439,-0.821526175006089,-0.8018787475045984,-0.9637296147606682,-0.821526175006089,0.0,0.0,-0.14731391274719746,-0.35540932665545544,-0.7098440766312715,-0.8632515261887289,-1.003535534489999,-0.6998478126632078,-1.003535534489999,-0.264575131106459,-0.8289970497658459,-0.9221098120799173,-0.7525513312722351,-0.6169971097262509,-0.9351613361137008,-1.1361261451981794,0.0,-0.6719309595610684,-0.3966332994559486,0.8747970542144905,-0.08223052007158209,0.34347439264129226,-0.8332274344014929,-0.9571678258797024,-0.38799179683158525,-0.338501600193165,-0.32108064953396775,3.1144823004794873,-0.35540932665545544,-0.338501600193165,-0.43461349368017654,-0.38799179683158525
-1.40515653740166,-0.48205976815678264,-1.2071480386187023,-1.244308752539833,-1.248349842314937,-0.821526175006089,-0.8018787475045984,-0.9637296147606682,-0.821526175006089,0.0,0.0,-1.198153157010539,-0.35540932665545544,-0.7098440766312715,-0.8632515261887289,-1.003535534489999,-0.6998478126632078,-1.003535534489999,-0.264575131106459,-0.9719506103217612,-0.9918875701368841,-0.23304815420043412,-0.8186835376510233,-1.165896761857358,-0.6199244571463527,0.0,-0.9865769668828817,-1.0738635607610525,-1.7663046496030248,-0.227646318918983,-1.0970021289100178,-0.8332274344014929,-0.9571678258797024,-0.38799179683158525,-0.338501600193165,-0.32108064953396775,-0.32108064953396775,-0.35540932665545544,2.9541957835039856,-0.43461349368017654,-0.38799179683158525
-1.6389850747297745,-0.6965312658398419,-0.7204681586933024,-0.662228688948376,-0.6583246029876898,0.5519628988322162,-0.26895312028104545,0.10671054557903593,0.5519628988322162,0.0,0.0,-0.8478734089227585,-0.35540932665545544,1.3223729808361377,0.20885134709235018,1.0580487128456224,1.3383693707525999,1.0580487128456224,-0.264575131106459,-0.6860434892099304,-0.3638877476241823,-0.7525513312722351,-0.6842259190345084,-0.7044259103700437,-0.10372276909452592,0.0,-0.5146079559001618,0.05485354141412062,1.6566616611721234,-0.053147360302101876,0.7893361731214599,1.5837995287298863,0.8147518517868745,-0.38799179683158525,2.9541957835039856,-0.32108064953396775,-0.32108064953396775,-0.35540932665545544,-0.338501600193165,-0.43461349368017654,-0.38799179683158525
0.9331288358794851,1.1264764644661616,1.0315794090381376,1.0149901504119883,1.0185892351002765,-0.821526175006089,-0.26895312028104545,-0.6069162279807668,-0.821526175006089,0.0,0.0,1.9543645757794856,-0.35540932665545544,-0.7098440766312715,-0.4733959359047001,-0.753646534812954,-0.6998478126632078,-0.753646534812954,-0.264575131106459,1.100876017739012,1.5201117199139231,-0.7525513312722351,-0.5497683004179934,1.8336637728101846,-0.10372276909452592,0.0,0.8226375752175443,0.7320838027192245,0.129870932624935,0.00501895923685855,0.0005037922719328185,-0.8332274344014929,-0.9571678258797024,-0.38799179683158525,-0.338501600193165,3.1144823004794873,-0.32108064953396775,-0.35540932665545544,-0.338501600193165,-0.43461349368017654,-0.38799179683158525
-1.40515653740166,-0.9110027635229011,-0.3311242547529824,-0.48622424284265875,-0.48235216318833524,-0.13478163808693644,-0.8018787475045984,-0.6069162279807668,-0.13478163808693644,0.0,0.0,0.20296583534058305,-0.35540932665545544,0.12151744687812323,-0.8632515261887289,-0.4412852852166478,0.13396830782507718,-0.4412852852166478,-0.264575131106459,0.10020109384760426,-0.2243322315102486,-0.7525513312722351,-0.7290451252400134,-0.16604325030151038,-0.42634882412691766,0.0,-0.8292539632219751,-0.6223767198909832,0.6962610416021178,-0.8238510941933269,-0.4453579882082346,1.364069804808852,1.2577317712035185,2.577374078952674,-0.338501600193165,-0.32108064953396775,-0.32108064953396775,-0.35540932665545544,-0.338501600193165,-0.43461349368017654,-0.38799179683158525
-1.872813612057889,1.2337122133076912,1.0315794090381376,0.9908326774170859,0.9875352751356844,0.5519628988322162,1.3298237613896136,1.17715070591874,0.5519628988322162,0.0,0.0,-0.49759366083497797,-0.35540932665545544,0.029143944265968315,0.6961708349473862,0.4957984635722709,0.0413220722152678,0.4957984635722709,-0.264575131106459,-0.6860434892099304,1.0316674135151551,0.8059581999431679,2.2290224843233157,-0.31986686746394843,-0.42634882412691766,0.0,2.2385446081657037,1.8608009048943976,0.049837547660767804,1.0665542908228853,0.686444993010652,-0.2839031245989067,-0.2926979467547361,-0.38799179683158525,-0.338501600193165,-0.32108064953396775,-0.32108064953396775,-0.35540932665545544,-0.338501600193165,2.3008949665421112,-0.38799179683158525
-1.872813612057889,-1.768888754255138,-1.3044840146037824,-1.4042082166489487,-1.403619642137897,-0.821526175006089,-0.8018787475045984,-0.9637296147606682,-0.821526175006089,0.0,0.0,-1.198153157010539,-0.35540932665545544,-0.7098440766312715,-0.8632515261887289,-1.003535534489999,-0.6998478126632078,-1.003535534489999,-0.264575131106459,-1.1863809511556345,-1.1314430862508178,-0.7525513312722351,-0.7514547283427658,-1.165896761857358,-1.1361261451981794,0.0,-0.9079154650524284,-0.6223767198909832,1.3119024644034034,1.5755095867887885,2.504189174968258,-0.8332274344014929,-0.9571678258797024,-0.38799179683158525,2.9541957835039856,-0.32108064953396775,-0.32108064953396775,-0.35540932665545544,-0.338501600193165,-0.43461349368017654,-0.38799179683158525
0.9331288358794851,0.26859047373392464,0.15555562517241758,0.19593678029910808,0.20083495603268778,1.2387074357513688,-0.26895312028104545,0.4635239323589373,1.2387074357513688,0.0,0.0,0.5532455834283636,-0.35540932665545544,0.8605054677753631,-0.2784681407626858,0.43332621365300983,0.8751381927035529,0.43332621365300983,-0.264575131106459,1.2438295782949276,-0.2243322315102486,-0.7525513312722351,-0.6618163159317559,1.1414574955792134,0.5415293409702575,0.0,-0.12130044674789531,0.5063403822841899,1.3119024644034034,-0.3148957982274235,0.2748802725674205,1.4739346667693691,0.9476458276118677,-0.38799179683158525,2.9541957835039856,-0.32108064953396775,-0.32108064953396775,-0.35540932665545544,-0.338501600193165,-0.43461349368017654,-0.38799179683158525
-0.002185313432972955,0.9120049667831023,0.8369074570679775,0.8700453124425741,0.8736707552655137,1.2387074357513688,-0.26895312028104545,0.4635239323589373,1.2387074357513688,0.0,0.0,0.9035253315161441,-0.35540932665545544,0.4910114573267432,-0.4733959359047001,0.058492714137442316,0.5045532502643151,0.058492714137442316,-0.264575131106459,0.6720153360712658,0.6827786232303207,-0.7525513312722351,-0.6394067128290034,1.4491047299040896,0.34795370795082253,0.0,0.3506685642348245,0.05485354141412062,-0.22720109259981072,-0.2712710585732033,-0.37676386813436274,0.8147454950062655,1.7007116906201627,-0.38799179683158525,-0.338501600193165,-0.32108064953396775,-0.32108064953396775,-0.35540932665545544,2.9541957835039856,-0.43461349368017654,-0.38799179683158525
0.23164322389514155,-0.9110027635229011,-1.3044840146037824,-1.2535115993950339,-1.248349842314937,-0.821526175006089,-0.26895312028104545,-0.6069162279807668,-0.821526175006089,0.0,0.0,-1.198153157010539,-0.35540932665545544,-0.7098440766312715,2.0606654009414864,0.8706319630878384,-0.6998478126632078,0.8706319630878384,-0.264575131106459,-1.3293345117115498,-0.9918875701368841,-0.7525513312722351,-0.7514547283427658,-1.0120731446949198,-0.8780253011722661,0.0,-0.9865769668828817,-0.8481201403260179,0.2837812883252562,-0.1985631591495028,-0.06809032780193915,-0.8332274344014929,-0.9571678258797024,2.577374078952674,-0.338501600193165,-0.32108064953396775,-0.32108064953396775,-0.35540932665545544,-0.338501600193165,-0.43461349368017654,-0.38799179683158525
-0.7036709254173165,0.6975334691000431,0.058219649187337574,0.008428775624389704,0.0041598762569388156,-0.13478163808693644,-0.26895312028104545,-0.25010284120086546,-0.13478163808693644,0.0,0.0,-0.14731391274719746,-0.35540932665545544,-0.15560306095834164,-0.2784681407626858,-0.19139628553960275,-0.14397039900435113,-0.19139628553960275,-0.264575131106459,0.38610821495943504,-0.7127765379090166,0.28645502287136687,0.14492939576733382,0.14160398402336577,0.21890328593786582,0.0,-0.5932694577306151,-0.3966332994559486,0.5423506859017964,-0.8383926740780671,-0.5139521082821065,0.5950157710852312,0.5046659081952235,-0.38799179683158525,-0.338501600193165,-0.32108064953396775,-0.32108064953396775,-0.35540932665545544,-0.338501600193165,-0.43461349368017654,-0.38799179683158525
-0.23601385076108747,1.2337122133076912,1.7129312409336976,1.6120248401431467,1.6086144744275237,-0.13478163808693644,2.9286006430602725,1.8907774794785428,-0.13478163808693644,0.0,0.0,-0.14731391274719746,-0.35540932665545544,-0.43272356879480656,1.3784181179444366,0.6207429634107936,-0.42190910583377944,0.6207429634107936,-0.264575131106459,2.744841964132039,-0.01499895733934798,-0.7525513312722351,1.8256496284737707,1.2952811127416515,2.7999117261969997,0.0,0.8226375752175443,0.2805969618491552,-0.3441729629320549,-0.2712710585732033,-0.4453579882082346,-0.39376798655942397,-0.2041019628714072,-0.38799179683158525,-0.338501600193165,-0.32108064953396775,-0.32108064953396775,-0.35540932665545544,2.9541957835039856,-0.43461349368017654,-0.38799179683158525
-0.469842388089202,0.5902977202585135,0.2528916011574976,0.3811440732600262,0.37680739583204254,-0.821526175006089,1.3298237613896136,0.4635239323589373,-0.821526175006089,0.0,0.0,3.0052038200428273,2.8136571693556887,-0.7098440766312715,1.183490322802422,0.3083817138144872,-0.6998478126632078,0.3083817138144872,3.779644730092272,1.7441670402406313,1.7992227521417905,2.883970908230372,0.5034830454113737,-0.31986686746394843,0.02532765291843077,0.0,0.0360225569130113,0.2805969618491552,0.5423506859017964,-0.2712710585732033,-0.03379326776500317,-0.8332274344014929,-0.9571678258797024,-0.38799179683158525,-0.338501600193165,-0.32108064953396775,-0.32108064953396775,-0.35540932665545544,-0.338501600193165,2.3008949665421112,-0.38799179683158525
-0.7036709254173165,-1.3399457588890196,-0.6231321827082225,-0.6691308240897766,-0.6686759229758871,-0.13478163808693644,-0.26895312028104545,-0.25010284120086546,-0.13478163808693644,0.0,0.0,-0.8478734089227585,-0.35540932665545544,0.3062644521024332,0.20885134709235018,0.3708539637337485,0.31926077904469613,0.3708539637337485,-0.264575131106459,0.028724313569646547,-0.29410998956721546,0.8059581999431679,0.055290983356323854,-0.012219633139072296,0.34795370795082253,0.0,-0.4359464540697085,-0.170889879020914,0.6962610416021178,0.1213515983147794,0.41206851271516426,0.26542118520367947,0.1502819726619081,-0.38799179683158525,-0.338501600193165,-0.32108064953396775,-0.32108064953396775,-0.35540932665545544,-0.338501600193165,-0.43461349368017654,2.577374078952674
-0.937499462745431,0.8047692179415726,1.3235873369933775,1.2715195065007134,1.267020914817012,3.2989410465088267,3.4615262702838256,4.0316578001579515,3.2989410465088267,0.0,0.0,0.20296583534058305,-0.35540932665545544,1.3223729808361377,1.9632015033704793,2.1200769614730635,1.3383693707525999,2.1200769614730635,-0.264575131106459,0.6720153360712658,3.752999977736863,1.8449645540867698,2.654804943275613,-0.08913144172029133,-0.42634882412691766,0.0,2.86783662280933,3.8924916888097085,0.8378585688464132,1.2265116695550267,1.6124656140079228,0.4851509091247138,0.23887795654523702,-0.38799179683158525,2.9541957835039856,-0.32108064953396775,-0.32108064953396775,-0.35540932665545544,-0.338501600193165,-0.43461349368017654,-0.38799179683158525
0.9331288358794851,-0.26758827047372347,0.3502275771425776,0.39954976697042804,0.39751003580843713,-0.821526175006089,-0.26895312028104545,-0.6069162279807668,-0.821526175006089,0.0,0.0,-0.14731391274719746,-0.35540932665545544,-0.7098440766312715,-0.37593203833369293,-0.6911742848936928,-0.6998478126632078,-0.6911742848936928,-0.264575131106459,0.886445676905139,0.33388983294548635,-0.23304815420043412,-0.6842259190345084,1.6029283470665274,1.5739327170739112,0.0,1.4519295898611706,1.1835706435892936,0.043681133432754864,0.20860107762321972,0.06909791234580479,-0.17403826263838956,-0.07120798704641396,-0.38799179683158525,-0.338501600193165,-0.32108064953396775,-0.32108064953396775,-0.35540932665545544,-0.338501600193165,-0.43461349368017654,-0.38799179683158525
-0.23601385076108747,-0.37482401931525305,-0.5257962067231424,-0.6472740628086745,-0.6479732829994925,-0.821526175006089,-0.8018787475045984,-0.9637296147606682,-0.821526175006089,0.0,0.0,-1.198153157010539,-0.35540932665545544,-0.7098440766312715,-0.8632515261887289,-1.003535534489999,-0.6998478126632078,-1.003535534489999,-0.264575131106459,-0.25718280754218426,-0.6429987798520498,0.8059581999431679,-0.5497683004179934,-0.3967786760451675,-0.29729840211396097,0.0,-0.12130044674789531,-0.6223767198909832,-0.8859374149971864,0.7175563735891232,-0.34246680809742674,-0.8332274344014929,-0.9571678258797024,-0.38799179683158525,-0.338501600193165,-0.32108064953396775,-0.32108064953396775,-0.35540932665545544,-0.338501600193165,-0.43461349368017654,2.577374078952674
-0.23601385076108747,-0.053116772790664214,0.058219649187337574,-0.037585458651614806,-0.037245403695850506,0.5519628988322162,-0.8018787475045984,-0.25010284120086546,0.5519628988322162,0.0,0.0,-0.49759366083497797,-0.35540932665545544,0.4910114573267432,-0.8632515261887289,-0.19139628553960275,0.5045532502643151,-0.19139628553960275,-0.264575131106459,-0.042752466708311156,-0.2243322315102486,0.28645502287136687,-0.2808530631849635,0.29542760118580386,0.02532765291843077,0.0,0.0360225569130113,0.05485354141412062,0.16065300376499927,-0.18402157926476267,-0.13668444787581094,0.5950157710852312,0.8147518517868745,-0.38799179683158525,-0.338501600193165,-0.32108064953396775,-0.32108064953396775,-0.35540932665545544,-0.338501600193165,-0.43461349368017654,-0.38799179683158525
-0.002185313432972955,0.8047692179415726,1.3235873369933775,1.3727508219079234,1.3705341146989853,-0.13478163808693644,0.2639725069425075,0.10671054557903593,-0.13478163808693644,0.0,0.0,1.604084827691705,-0.35540932665545544,-0.43272356879480656,-0.1810042431916785,-0.37881303529738647,-0.42190910583377944,-0.37881303529738647,-0.264575131106459,1.386783138850843,1.1712229296290888,-0.7525513312722351,-0.30326266628771603,2.448958241459937,1.702983139086868,0.0,1.5305910916916239,1.1835706435892936,-0.005570180391347815,0.28130897704692026,0.10339497238274058,-0.5036328485199413,-0.5141879064630581,-0.38799179683158525,-0.338501600193165,-0.32108064953396775,-0.32108064953396775,2.8136571693556887,-0.338501600193165,-0.43461349368017654,-0.38799179683158525
0.46547176122325606,0.8047692179415726,1.0315794090381376,1.0610043846879929,1.0599945150530656,0.5519628988322162,-0.26895312028104545,0.10671054557903593,0.5519628988322162,0.0,0.0,0.20296583534058305,-0.35540932665545544,0.029143944265968315,-0.4733959359047001,-0.25386853545886406,0.0413220722152678,-0.25386853545886406,-0.264575131106459,-0.25718280754218426,-0.15455447345328172,-0.7525513312722351,1.0413135198774335,-0.08913144172029133,0.15437807493138747,0.0,1.0586220807089042,0.2805969618491552,-0.4919269044043636,0.1504347580842593,-0.30816974806049074,-0.06417340067787222,0.5046659081952235,-0.38799179683158525,-0.338501600193165,-0.32108064953396775,-0.32108064953396775,2.8136571693556887,-0.338501600193165,-0.43461349368017654,-0.38799179683158525
1.6346144478638287,1.019240715624632,1.5182592889635376,1.5407027770153399,1.5361552345101426,-0.13478163808693644,0.2639725069425075,0.10671054557903593,-0.13478163808693644,0.0,0.0,1.9543645757794856,2.8136571693556887,-0.43272356879480656,-0.1810042431916785,-0.37881303529738647,-0.42190910583377944,-0.37881303529738647,-0.264575131106459,0.45758499523739277,2.078333784369658,3.9229772623739736,2.856491371200385,0.06469217544214674,-0.10372276909452592,0.0,1.3732680880307173,0.5063403822841899,-0.46114483326429934,0.09226843854529919,-0.30816974806049074,-0.5036328485199413,-0.33699593869640043,-0.38799179683158525,-0.338501600193165,-0.32108064953396775,-0.32108064953396775,-0.35540932665545544,-0.338501600193165,2.3008949665421112,-0.38799179683158525
-0.937499462745431,0.4830619714169838,0.6422355050978176,0.4478647129602328,0.4492666357494237,2.612196509589674,1.8627493886131665,2.6044042530383456,2.612196509589674,0.0,0.0,-0.14731391274719746,-0.35540932665545544,1.5994934886726027,1.5733459130864507,2.182549211392325,1.6163080775820284,2.182549211392325,-0.264575131106459,-0.5430899286540151,1.3107784457430225,-0.23304815420043412,1.1309519322884434,-0.4736904846263865,-0.29729840211396097,0.0,2.081221604504797,2.0865443253294322,0.2837812883252562,1.5900511666735289,1.338089133712435,0.4851509091247138,0.6375598840202167,-0.38799179683158525,-0.338501600193165,-0.32108064953396775,3.1144823004794873,-0.35540932665545544,-0.338501600193165,-0.43461349368017654,-0.38799179683158525
0.23164322389514155,1.019240715624632,1.0315794090381376,0.9781787629911847,0.9771839551474869,0.5519628988322162,0.7968981341660605,0.8203373191388387,0.5519628988322162,0.0,0.0,1.9543645757794856,2.8136571693556887,0.029143944265968315,0.3063152446633573,0.24590946389522605,0.0413220722152678,0.24590946389522605,3.779644730092272,0.10020109384760426,1.2410006876860555,1.3254613770149688,0.5931214578223837,1.2183693041604324,0.2834284969443442,0.0,1.294606586200264,0.2805969618491552,-0.6088987747366078,0.3685584563553609,-0.27387268802355486,-0.17403826263838956,0.5046659081952235,-0.38799179683158525,-0.338501600193165,-0.32108064953396775,-0.32108064953396775,-0.35540932665545544,-0.338501600193165,2.3008949665421112,-0.38799179683158525
1.1669573732075995,-0.5892955169983123,-0.03911632679774242,-0.03183367936711424,-0.026894083707653223,-0.13478163808693644,0.7968981341660605,0.4635239323589373,-0.13478163808693644,0.0,0.0,0.20296583534058305,-0.35540932665545544,-0.0632295583461866,1.086026425231415,0.6207429634107936,-0.05132416339454161,0.6207429634107936,-0.264575131106459,-0.18570602726422655,-0.6429987798520498,1.3254613770149688,-0.5945875066234985,0.679986644091899,0.799630184996171,0.0,0.1933455605739179,0.05485354141412062,-0.05482149421545071,0.23768423739269995,0.034800852308868806,-0.17403826263838956,-0.07120798704641396,-0.38799179683158525,-0.338501600193165,3.1144823004794873,-0.32108064953396775,-0.35540932665545544,-0.338501600193165,-0.43461349368017654,-0.38799179683158525
1.868442985191943,1.4481837109907503,1.8102672169187777,1.9168691422216766,1.9191540740734434,1.9254519726705213,1.3298237613896136,1.8907774794785428,1.9254519726705213,0.0,0.0,0.5532455834283636,-0.35540932665545544,0.3986379547145881,0.3063152446633573,0.4957984635722709,0.4119070146545055,0.4957984635722709,-0.264575131106459,2.030074161352462,0.4036675910024532,-0.23304815420043412,-0.19121465077395355,2.372046432878718,1.702983139086868,0.0,-0.12130044674789531,-0.170889879020914,-0.005570180391347815,-0.8965589936170274,-0.6854374084667864,2.3528535624535065,3.4726313682867396,-0.38799179683158525,-0.338501600193165,-0.32108064953396775,3.1144823004794873,-0.35540932665545544,-0.338501600193165,-0.43461349368017654,-0.38799179683158525
-1.40515653740166,-1.4471815077305492,-1.4018199905888624,-1.3904039463661473,-1.3932683221496995,-0.821526175006089,-0.26895312028104545,-0.6069162279807668,-0.821526175006089,0.0,0.0,-0.8478734089227585,-0.35540932665545544,-0.7098440766312715,3.912479454790623,2.057604711553802,-0.6998478126632078,2.057604711553802,-0.264575131106459,-1.1863809511556345,-0.9221098120799173,-0.7525513312722351,-0.6842259190345084,-1.242808570438577,-1.0716009341917012,0.0,-1.2225614723742415,-1.0738635607610525,-1.7663046496030248,-1.492763768891371,-1.0970021289100178,-0.8332274344014929,-0.9571678258797024,-0.38799179683158525,-0.338501600193165,-0.32108064953396775,3.1144823004794873,-0.35540932665545544,-0.338501600193165,-0.43461349368017654,-0.38799179683158525
0.46547176122325606,0.8047692179415726,0.6422355050978176,0.6054634653555482,0.6045364355723836,-0.821526175006089,-0.8018787475045984,-0.9637296147606682,-0.821526175006089,0.0,0.0,1.2538050796039246,-0.35540932665545544,-0.7098440766312715,-0.8632515261887289,-1.003535534489999,-0.6998478126632078,-1.003535534489999,-0.264575131106459,1.1723527980169697,0.33388983294548635,0.28645502287136687,-0.12398584146569608,0.44925121834824194,0.6705797629832143,0.0,0.0360225569130113,0.2805969618491552,0.5423506859017964,-0.4021452775358641,-0.13668444787581094,-0.8332274344014929,-0.9571678258797024,-0.38799179683158525,-0.338501600193165,-0.32108064953396775,-0.32108064953396775,-0.35540932665545544,-0.338501600193165,2.3008949665421112,-0.38799179683158525
0.23164322389514155,0.8047692179415726,0.2528916011574976,0.3086716542753191,0.304348155914661,-0.821526175006089,-0.26895312028104545,-0.6069162279807668,-0.821526175006089,0.0,0.0,1.604084827691705,2.8136571693556887,-0.7098440766312715,-0.37593203833369293,-0.6911742848936928,-0.6998478126632078,-0.6911742848936928,3.779644730092272,0.5290617755153505,-0.29410998956721546,-0.7525513312722351,0.6603502671306412,-0.16604325030151038,-0.10372276909452592,0.0,0.1933455605739179,0.5063403822841899,0.6285404850939762,-0.06768894018684199,0.20628615249354854,-0.8332274344014929,-0.9571678258797024,-0.38799179683158525,-0.338501600193165,-0.32108064953396775,-0.32108064953396775,-0.35540932665545544,-0.338501600193165,2.3008949665421112,-0.38799179683158525
1.868442985191943,-0.053116772790664214,0.058219649187337574,-0.03988617036541503,-0.037245403695850506,-0.13478163808693644,-0.26895312028104545,-0.25010284120086546,-0.13478163808693644,0.0,0.0,0.20296583534058305,-0.35540932665545544,-0.0632295583461866,-0.1810042431916785,-0.19139628553960275,-0.05132416339454161,-0.19139628553960275,-0.264575131106459,0.6005385557933082,1.3805562037999894,1.3254613770149688,0.4810734423086212,0.8338102612543371,0.6705797629832143,0.0,0.2720070624043712,-0.170889879020914,-0.46730124749231206,0.1504347580842593,-0.27387268802355486,-0.2839031245989067,0.1502819726619081,-0.38799179683158525,-0.338501600193165,-0.32108064953396775,-0.32108064953396775,-0.35540932665545544,-0.338501600193165,-0.43461349368017654,-0.38799179683158525
-0.469842388089202,-0.16035252163219382,0.15555562517241758,0.2327481677199117,0.23188891599727982,-0.821526175006089,-0.26895312028104545,-0.6069162279807668,-0.821526175006089,0.0,0.0,0.5532455834283636,-0.35540932665545544,-0.7098440766312715,-0.2784681407626858,-0.6287020349744316,-0.6998478126632078,-0.6287020349744316,-0.264575131106459,0.028724313569646547,-0.15455447345328172,-0.7525513312722351,0.4138446330003637,0.2185157926045848,0.7351049739896927,0.0,-0.27862345040880193,-0.170889879020914,0.2837812883252562,-0.5039363367290447,-0.30816974806049074,-0.8332274344014929,-0.9571678258797024,-0.38799179683158525,-0.338501600193165,3.1144823004794873,-0.32108064953396775,-0.35540932665545544,-0.338501600193165,-0.43461349368017654,-0.38799179683158525
-0.7036709254173165,-0.6965312658398419,-1.0124760866485425,-1.0648532388634155,-1.0620260825273855,-0.13478163808693644,-0.8018787475045984,-0.6069162279807668,-0.13478163808693644,0.0,0.0,-1.198153157010539,-0.35540932665545544,1.0452524729996728,-0.8632515261887289,0.18343721397596474,1.0604306639231718,0.18343721397596474,-0.264575131106459,-1.043427390599719,-1.2012208443077848,-0.23304815420043412,-0.6618163159317559,-1.165896761857358,-0.7489748791593094,0.0,-0.5932694577306151,-0.6223767198909832,-0.22720109259981072,0.7611811132433435,0.24058321253048454,0.5950157710852312,1.2577317712035185,-0.38799179683158525,-0.338501600193165,-0.32108064953396775,-0.32108064953396775,-0.35540932665545544,2.9541957835039856,-0.43461349368017654,-0.38799179683158525
-0.7036709254173165,0.3758262225754542,0.6422355050978176,0.6664323257712542,0.6666443555015673,-0.13478163808693644,-0.26895312028104545,-0.25010284120086546,-0.13478163808693644,0.0,0.0,1.2538050796039246,-0.35540932665545544,-0.24797656357049658,-0.37593203833369293,-0.4412852852166478,-0.23661663461416052,-0.4412852852166478,-0.264575131106459,1.2438295782949276,-0.08477671539631484,-0.7525513312722351,0.4138446330003637,0.29542760118580386,1.5739327170739112,0.0,0.1933455605739179,0.2805969618491552,0.2837812883252562,-0.30035421834268355,-0.1709815079127469,-0.17403826263838956,-0.2041019628714072,-0.38799179683158525,-0.338501600193165,-0.32108064953396775,-0.32108064953396775,-0.35540932665545544,-0.338501600193165,-0.43461349368017654,2.577374078952674
1.868442985191943,0.8047692179415726,1.2262513610082977,1.0759590108276942,1.0806971550294602,-0.821526175006089,3.9944518975073784,2.2475908662584443,-0.821526175006089,0.0,0.0,0.5532455834283636,2.8136571693556887,-0.7098440766312715,2.547984888796522,1.1829932126841447,-0.6998478126632078,1.1829932126841447,-0.264575131106459,-0.11422924698626885,-0.3638877476241823,-0.7525513312722351,3.17022581463892,-0.6275141017888246,0.5415293409702575,0.0,0.9012990770479976,0.5063403822841899,-0.17179336454769512,0.019560539121598657,-0.1709815079127469,-0.8332274344014929,-0.9571678258797024,-0.38799179683158525,-0.338501600193165,-0.32108064953396775,-0.32108064953396775,2.8136571693556887,-0.338501600193165,-0.43461349368017654,-0.38799179683158525
-0.469842388089202,0.8047692179415726,0.44756355312765755,0.7964225376009669,0.8012115153481325,-0.821526175006089,-0.8018787475045984,-0.9637296147606682,-0.821526175006089,0.0,0.0,-0.49759366083497797,-0.35540932665545544,-0.7098440766312715,-0.8632515261887289,-1.003535534489999,-0.6998478126632078,-1.003535534489999,-0.264575131106459,0.5290617755153505,-1.061665328193851,-0.7525513312722351,0.2121582050755913,1.0645456869979943,0.7351049739896927,0.0,-0.8292539632219751,-1.0738635607610525,-1.7663046496030248,-1.172849011427089,-1.0970021289100178,-0.8332274344014929,-0.9571678258797024,-0.38799179683158525,-0.338501600193165,-0.32108064953396775,-0.32108064953396775,2.8136571693556887,-0.338501600193165,-0.43461349368017654,-0.38799179683158525
